timestamp,close,ret,sigma_hat,pos_frac_exec,equity
2025-07-19 20:00:00+00:00,117819.615,-0.0024348222337192693,,0.0,10000.0
2025-07-19 21:00:00+00:00,117776.735,-0.0003639461901144836,,0.0,10000.0
2025-07-19 22:00:00+00:00,117919.8505,0.0012151423623689706,,0.0,10000.0
2025-07-19 23:00:00+00:00,117923.53,3.120339776896408e-05,,0.0,10000.0
2025-07-20 00:00:00+00:00,118051.65,0.0010864667975933884,,0.0,10000.0
2025-07-20 01:00:00+00:00,118033.445,-0.00015421216052458053,,0.0,10000.0
2025-07-20 02:00:00+00:00,117992.125,-0.00035007027033739924,,0.0,10000.0
2025-07-20 03:00:00+00:00,118022.595,0.00025823757305842854,,0.0,10000.0
2025-07-20 04:00:00+00:00,118029.645,5.973432460115724e-05,,0.0,10000.0
2025-07-20 05:00:00+00:00,117915.81,-0.0009644610894153915,,0.0,10000.0
2025-07-20 06:00:00+00:00,117909.816,-5.083287813556492e-05,,0.0,10000.0
2025-07-20 07:00:00+00:00,118084.225,0.0014791728620795475,,0.0,10000.0
2025-07-20 08:00:00+00:00,118259.118,0.0014810869106351987,,0.0,10000.0
2025-07-20 09:00:00+00:00,118008.0,-0.00212345571527095,,0.0,10000.0
2025-07-20 10:00:00+00:00,117985.5,-0.00019066503965836645,,0.0,10000.0
2025-07-20 11:00:00+00:00,117945.685,-0.00033745672137674987,,0.0,10000.0
2025-07-20 12:00:00+00:00,118138.02,0.001630708236592282,,0.0,10000.0
2025-07-20 13:00:00+00:00,118481.315,0.002905880765565527,,0.0,10000.0
2025-07-20 14:00:00+00:00,118513.984,0.00027573124082902467,,0.0,10000.0
2025-07-20 15:00:00+00:00,118740.5965,0.0019121161263129238,,0.0,10000.0
2025-07-20 16:00:00+00:00,118597.355,-0.0012063397373955898,,0.0,10000.0
2025-07-20 17:00:00+00:00,118091.955,-0.00426147783818609,,0.0,10000.0
2025-07-20 18:00:00+00:00,118430.0,0.002862557402830701,,0.0,10000.0
2025-07-20 19:00:00+00:00,118228.607,-0.001700523516001029,,0.0,10000.0
2025-07-20 20:00:00+00:00,118173.122,-0.0004693026620875562,,0.0,10000.0
2025-07-20 21:00:00+00:00,118118.35,-0.00046348948959817893,,0.0,10000.0
2025-07-20 22:00:00+00:00,117566.3095,-0.004673621837758546,,0.0,10000.0
2025-07-20 23:00:00+00:00,117356.0,-0.0017888585675133184,,0.0,10000.0
2025-07-21 00:00:00+00:00,117407.7025,0.0004405611984048541,,0.0,10000.0
2025-07-21 01:00:00+00:00,117377.2,-0.0002597998202035212,,0.0,10000.0
2025-07-21 02:00:00+00:00,118254.045,0.007470317915234004,,0.0,10000.0
2025-07-21 03:00:00+00:00,118465.4525,0.0017877401149364314,,0.0,10000.0
2025-07-21 04:00:00+00:00,118433.984,-0.0002656344051021886,,0.0,10000.0
2025-07-21 05:00:00+00:00,118493.289,0.0005007430975219052,,0.0,10000.0
2025-07-21 06:00:00+00:00,119243.8845,0.006334497981569154,,0.0,10000.0
2025-07-21 07:00:00+00:00,119342.7,0.0008286840068514323,,0.0,10000.0
2025-07-21 08:00:00+00:00,119027.28,-0.00264297690600257,,0.0,10000.0
2025-07-21 09:00:00+00:00,118708.58,-0.0026775374519185657,,0.0,10000.0
2025-07-21 10:00:00+00:00,118613.676,-0.0007994704342347836,,0.0,10000.0
2025-07-21 11:00:00+00:00,118168.325,-0.0037546344993136804,,0.0,10000.0
2025-07-21 12:00:00+00:00,118228.34,0.0005078772166737799,,0.0,10000.0
2025-07-21 13:00:00+00:00,118881.317,0.005523015886038873,,0.0,10000.0
2025-07-21 14:00:00+00:00,118884.718,2.8608364087912008e-05,,0.0,10000.0
2025-07-21 15:00:00+00:00,118384.7455,-0.004205523707428771,,0.0,10000.0
2025-07-21 16:00:00+00:00,117829.325,-0.004691655987046128,,0.0,10000.0
2025-07-21 17:00:00+00:00,117981.0875,0.0012879858218657336,,0.0,10000.0
2025-07-21 18:00:00+00:00,117211.835,-0.00652013400029039,,0.0,10000.0
2025-07-21 19:00:00+00:00,116750.22,-0.003938296845194866,,0.0,10000.0
2025-07-21 20:00:00+00:00,117013.225,0.0022527152411362383,,0.0,10000.0
2025-07-21 21:00:00+00:00,117287.7245,0.002345884407510379,,0.0,10000.0
2025-07-21 22:00:00+00:00,117448.32,0.0013692438887755731,,0.0,10000.0
2025-07-21 23:00:00+00:00,117440.444,-6.705928190375854e-05,,0.0,10000.0
2025-07-22 00:00:00+00:00,117209.5,-0.001966477579052772,,0.0,10000.0
2025-07-22 01:00:00+00:00,117850.96,0.005472764579663059,,0.0,10000.0
2025-07-22 02:00:00+00:00,117105.371,-0.006326541591175849,,0.0,10000.0
2025-07-22 03:00:00+00:00,117247.875,0.0012168869692577022,,0.0,10000.0
2025-07-22 04:00:00+00:00,116618.275,-0.005369820135333048,,0.0,10000.0
2025-07-22 05:00:00+00:00,117367.8,0.006427165896597309,,0.0,10000.0
2025-07-22 06:00:00+00:00,117857.295,0.004170607270477911,,0.0,10000.0
2025-07-22 07:00:00+00:00,118006.554,0.0012664383651432853,,0.0,10000.0
2025-07-22 08:00:00+00:00,118321.35,0.002667614546222552,,0.0,10000.0
2025-07-22 09:00:00+00:00,118505.2035,0.001553848903853794,,0.0,10000.0
2025-07-22 10:00:00+00:00,118871.28314,0.0030891440138323123,,0.0,10000.0
2025-07-22 11:00:00+00:00,119225.1535,0.002976920503022118,,0.0,10000.0
2025-07-22 12:00:00+00:00,119325.5,0.0008416554481516236,,0.0,10000.0
2025-07-22 13:00:00+00:00,118172.0,-0.009666835672173968,,0.0,10000.0
2025-07-22 14:00:00+00:00,119131.46,0.008119182208983666,,0.0,10000.0
2025-07-22 15:00:00+00:00,119003.3945,-0.0010749931210446428,,0.0,10000.0
2025-07-22 16:00:00+00:00,118736.864,-0.00223968821326348,,0.0,10000.0
2025-07-22 17:00:00+00:00,119230.485,0.0041572682936952265,,0.0,10000.0
2025-07-22 18:00:00+00:00,119772.9245,0.004549503426074297,,0.0,10000.0
2025-07-22 19:00:00+00:00,119368.025,-0.0033805595186915394,,0.0,10000.0
2025-07-22 20:00:00+00:00,119805.145,0.0036619521852692127,,0.0,10000.0
2025-07-22 21:00:00+00:00,119489.4425,-0.002635133073792484,,0.0,10000.0
2025-07-22 22:00:00+00:00,119925.77,0.0036515987594469834,,0.0,10000.0
2025-07-22 23:00:00+00:00,120051.7,0.0010500662201293753,,0.0,10000.0
2025-07-23 00:00:00+00:00,119606.0086692011,-0.00371249495674697,,0.0,10000.0
2025-07-23 01:00:00+00:00,119566.464,-0.00033062443635634153,,0.0,10000.0
2025-07-23 02:00:00+00:00,119132.1805,-0.003632151403256345,,0.0,10000.0
2025-07-23 03:00:00+00:00,118658.79,-0.003973657646600404,,0.0,10000.0
2025-07-23 04:00:00+00:00,119028.95,0.0031195329060746957,,0.0,10000.0
2025-07-23 05:00:00+00:00,118721.9,-0.0025796245367198933,,0.0,10000.0
2025-07-23 06:00:00+00:00,118510.35,-0.0017818953369175272,,0.0,10000.0
2025-07-23 07:00:00+00:00,118432.3095,-0.0006585121046389641,,0.0,10000.0
2025-07-23 08:00:00+00:00,118492.0745,0.0005046342526995318,,0.0,10000.0
2025-07-23 09:00:00+00:00,118172.08,-0.0027005561456349136,,0.0,10000.0
2025-07-23 10:00:00+00:00,118437.508,0.0022461143105885206,,0.0,10000.0
2025-07-23 11:00:00+00:00,118595.0,0.0013297476674365427,,0.0,10000.0
2025-07-23 12:00:00+00:00,118084.11,-0.004307854462667016,,0.0,10000.0
2025-07-23 13:00:00+00:00,117459.271,-0.005291474017969144,,0.0,10000.0
2025-07-23 14:00:00+00:00,118279.0965,0.00697965765512043,,0.0,10000.0
2025-07-23 15:00:00+00:00,118589.261,0.002622310358956881,,0.0,10000.0
2025-07-23 16:00:00+00:00,117783.9405,-0.0067908383373769254,,0.0,10000.0
2025-07-23 17:00:00+00:00,118171.252,0.003288321806485861,,0.0,10000.0
2025-07-23 18:00:00+00:00,118409.75,0.0020182404431157153,,0.0,10000.0
2025-07-23 19:00:00+00:00,118423.373,0.00011504964751640756,,0.0,10000.0
2025-07-23 20:00:00+00:00,117952.2,-0.003978716262371673,,0.0,10000.0
2025-07-23 21:00:00+00:00,118212.09,0.0022033501706624214,,0.0,10000.0
2025-07-23 22:00:00+00:00,118649.2,0.003697675931455091,,0.0,10000.0
2025-07-23 23:00:00+00:00,118778.3,0.0010880815041316438,,0.0,10000.0
2025-07-24 00:00:00+00:00,119094.1935,0.0026595219833924766,,0.0,10000.0
2025-07-24 01:00:00+00:00,119163.85,0.0005848857778276706,,0.0,10000.0
2025-07-24 02:00:00+00:00,119027.145,-0.0011472019408570455,,0.0,10000.0
2025-07-24 03:00:00+00:00,118575.648,-0.0037932271667946438,,0.0,10000.0
2025-07-24 04:00:00+00:00,118077.45,-0.004201520366137967,,0.0,10000.0
2025-07-24 05:00:00+00:00,117721.597,-0.0030137253133430963,,0.0,10000.0
2025-07-24 06:00:00+00:00,117547.6895,-0.0014772777844663798,,0.0,10000.0
2025-07-24 07:00:00+00:00,118495.655,0.008064518358738226,,0.0,10000.0
2025-07-24 08:00:00+00:00,118794.2979119998,0.002520285760687191,,0.0,10000.0
2025-07-24 09:00:00+00:00,118567.2675,-0.001911122132882026,,0.0,10000.0
2025-07-24 10:00:00+00:00,118487.975,-0.0006687553965937232,,0.0,10000.0
2025-07-24 11:00:00+00:00,118687.9455,0.0016876860288985718,,0.0,10000.0
2025-07-24 12:00:00+00:00,118621.8,-0.000557305964993704,,0.0,10000.0
2025-07-24 13:00:00+00:00,118297.5935,-0.002733110608673983,,0.0,10000.0
2025-07-24 14:00:00+00:00,119173.32,0.007402741459825224,,0.0,10000.0
2025-07-24 15:00:00+00:00,119131.455,-0.0003512950717493579,,0.0,10000.0
2025-07-24 16:00:00+00:00,118607.9325,-0.004394494300434815,,0.0,10000.0
2025-07-24 17:00:00+00:00,119174.5945,0.004777606253274946,,0.0,10000.0
2025-07-24 18:00:00+00:00,119098.629,-0.0006374303207720144,,0.0,10000.0
2025-07-24 19:00:00+00:00,119002.1,-0.0008104963156208012,,0.0,10000.0
2025-07-24 20:00:00+00:00,118798.178,-0.0017136000121006356,,0.0,10000.0
2025-07-24 21:00:00+00:00,118618.89,-0.0015091813950210975,,0.0,10000.0
2025-07-24 22:00:00+00:00,118383.4605,-0.0019847555477883194,,0.0,10000.0
2025-07-24 23:00:00+00:00,118384.01,4.6416957037997975e-06,,0.0,10000.0
2025-07-25 00:00:00+00:00,117731.2075,-0.005514279335528394,,0.0,10000.0
2025-07-25 01:00:00+00:00,117444.695,-0.002433615572999148,,0.0,10000.0
2025-07-25 02:00:00+00:00,116448.78,-0.008479863649865194,,0.0,10000.0
2025-07-25 03:00:00+00:00,115460.025,-0.008490900462847284,,0.0,10000.0
2025-07-25 04:00:00+00:00,116145.818,0.00593965747019376,,0.0,10000.0
2025-07-25 05:00:00+00:00,115616.73425,-0.00455534051170059,,0.0,10000.0
2025-07-25 06:00:00+00:00,115331.499,-0.002467075824709175,,0.0,10000.0
2025-07-25 07:00:00+00:00,115331.055,-3.849772211905744e-06,,0.0,10000.0
2025-07-25 08:00:00+00:00,115190.215,-0.0012211801929671307,,0.0,10000.0
2025-07-25 09:00:00+00:00,116065.783,0.007601062295091721,,0.0,10000.0
2025-07-25 10:00:00+00:00,116328.195,0.002260890274612626,,0.0,10000.0
2025-07-25 11:00:00+00:00,116598.7685,0.0023259494398584213,,0.0,10000.0
2025-07-25 12:00:00+00:00,116118.988,-0.004114799034091066,,0.0,10000.0
2025-07-25 13:00:00+00:00,116199.407,0.0006925568452251785,,0.0,10000.0
2025-07-25 14:00:00+00:00,115004.405,-0.010284062809373995,,0.0,10000.0
2025-07-25 15:00:00+00:00,115776.4,0.006712742872762023,,0.0,10000.0
2025-07-25 16:00:00+00:00,116244.74,0.004045211286583639,,0.0,10000.0
2025-07-25 17:00:00+00:00,116118.5995,-0.0010851286690478634,,0.0,10000.0
2025-07-25 18:00:00+00:00,116553.145,0.0037422557787567534,,0.0,10000.0
2025-07-25 19:00:00+00:00,116769.206,0.0018537552118391698,,0.0,10000.0
2025-07-25 20:00:00+00:00,117102.791,0.0028567891435349324,,0.0,10000.0
2025-07-25 21:00:00+00:00,117203.115,0.0008567174116285159,,0.0,10000.0
2025-07-25 22:00:00+00:00,117337.873,0.0011497817272176913,,0.0,10000.0
2025-07-25 23:00:00+00:00,117677.992,0.0028986293283157494,,0.0,10000.0
2025-07-26 00:00:00+00:00,117503.17,-0.0014855963891702295,,0.0,10000.0
2025-07-26 01:00:00+00:00,117195.9565,-0.0026145124425153154,,0.0,10000.0
2025-07-26 02:00:00+00:00,117522.9985,0.00279055702745179,,0.0,10000.0
2025-07-26 03:00:00+00:00,117560.405,0.0003182908918035743,,0.0,10000.0
2025-07-26 04:00:00+00:00,117521.4195,-0.00033162100794048577,,0.0,10000.0
2025-07-26 05:00:00+00:00,117499.6705,-0.00018506413632968233,,0.0,10000.0
2025-07-26 06:00:00+00:00,117425.3,-0.0006329422004633933,,0.0,10000.0
2025-07-26 07:00:00+00:00,117387.1735,-0.0003246872692681535,,0.0,10000.0
2025-07-26 08:00:00+00:00,117659.3215,0.0023183793585421775,,0.0,10000.0
2025-07-26 09:00:00+00:00,117655.975,-2.8442285382346277e-05,,0.0,10000.0
2025-07-26 10:00:00+00:00,118026.8235,0.003151973369818206,,0.0,10000.0
2025-07-26 11:00:00+00:00,117855.096,-0.0014549870521592956,,0.0,10000.0
2025-07-26 12:00:00+00:00,117975.2275,0.0010193152784838677,,0.0,10000.0
2025-07-26 13:00:00+00:00,118178.125,0.0017198313942645704,,0.0,10000.0
2025-07-26 14:00:00+00:00,118142.3,-0.00030314408863740816,,0.0,10000.0
2025-07-26 15:00:00+00:00,118166.294,0.00020309406537699637,,0.0,10000.0
2025-07-26 16:00:00+00:00,118115.44,-0.00043035960829906905,,0.0,10000.0
2025-07-26 17:00:00+00:00,118099.7055,-0.0001332128974840252,,0.0,10000.0
2025-07-26 18:00:00+00:00,118142.708,0.00036412029833554627,,0.0,10000.0
2025-07-26 19:00:00+00:00,118295.707,0.001295035492160812,,0.0,10000.0
2025-07-26 20:00:00+00:00,118035.8765,-0.0021964491069823566,,0.0,10000.0
2025-07-26 21:00:00+00:00,118060.236,0.000206373695204487,,0.0,10000.0
2025-07-26 22:00:00+00:00,118078.375,0.00015364190869471273,,0.0,10000.0
2025-07-26 23:00:00+00:00,117975.6295,-0.0008701466293045135,,0.0,10000.0
2025-07-27 00:00:00+00:00,118000.316,0.00020925084362444224,,0.0,10000.0
2025-07-27 01:00:00+00:00,118185.1475,0.0015663644493968398,,0.0,10000.0
2025-07-27 02:00:00+00:00,118354.12,0.0014297270306320442,,0.0,10000.0
2025-07-27 03:00:00+00:00,118227.91,-0.0010663760585604143,,0.0,10000.0
2025-07-27 04:00:00+00:00,118291.0,0.0005336303416003663,,0.0,10000.0
2025-07-27 05:00:00+00:00,118330.885,0.00033717696189894397,,0.0,10000.0
2025-07-27 06:00:00+00:00,118363.25,0.0002735127012698513,,0.0,10000.0
2025-07-27 07:00:00+00:00,118145.7525,-0.0018375424804574214,,0.0,10000.0
2025-07-27 08:00:00+00:00,118026.46,-0.0010097062101321885,,0.0,10000.0
2025-07-27 09:00:00+00:00,117989.076,-0.0003167425338352903,,0.0,10000.0
2025-07-27 10:00:00+00:00,118269.79,0.0023791524564527045,,0.0,10000.0
2025-07-27 11:00:00+00:00,118116.745,-0.0012940329056134736,,0.0,10000.0
2025-07-27 12:00:00+00:00,118121.45,3.983347153702077e-05,,0.0,10000.0
2025-07-27 13:00:00+00:00,118277.16,0.001318219510512364,,0.0,10000.0
2025-07-27 14:00:00+00:00,118498.43,0.0018707753889253276,,0.0,10000.0
2025-07-27 15:00:00+00:00,118551.83,0.00045063888188234813,,0.0,10000.0
2025-07-27 16:00:00+00:00,119084.225,0.004490820597202072,,0.0,10000.0
2025-07-27 17:00:00+00:00,119240.4555,0.0013119327937851644,,0.0,10000.0
2025-07-27 18:00:00+00:00,119087.35,-0.0012840063329009332,,0.0,10000.0
2025-07-27 19:00:00+00:00,119001.0545,-0.000724640358526818,,0.0,10000.0
2025-07-27 20:00:00+00:00,118832.199,-0.00141894120778574,,0.0,10000.0
2025-07-27 21:00:00+00:00,119260.911,0.0036077090519885946,,0.0,10000.0
2025-07-27 22:00:00+00:00,119564.35,0.0025443290467570545,,0.0,10000.0
2025-07-27 23:00:00+00:00,119468.649,-0.0008004141702773193,,0.0,10000.0
2025-07-28 00:00:00+00:00,119256.685,-0.001774222792123581,,0.0,10000.0
2025-07-28 01:00:00+00:00,119062.515,-0.0016281686850511123,,0.0,10000.0
2025-07-28 02:00:00+00:00,119469.226,0.003415944976468799,,0.0,10000.0
2025-07-28 03:00:00+00:00,119314.35,-0.0012963673172201595,,0.0,10000.0
2025-07-28 04:00:00+00:00,119223.5525,-0.0007609939625871087,,0.0,10000.0
2025-07-28 05:00:00+00:00,119585.89,0.0030391436289403106,,0.0,10000.0
2025-07-28 06:00:00+00:00,119491.331,-0.0007907203767936188,,0.0,10000.0
2025-07-28 07:00:00+00:00,118912.765,-0.004841907736386375,,0.0,10000.0
2025-07-28 08:00:00+00:00,119123.4875,0.0017720763620290292,,0.0,10000.0
2025-07-28 09:00:00+00:00,118933.685,-0.0015933255815735459,,0.0,10000.0
2025-07-28 10:00:00+00:00,118784.18,-0.0012570450499369556,,0.0,10000.0
2025-07-28 11:00:00+00:00,118780.8385,-2.8130850421304032e-05,,0.0,10000.0
2025-07-28 12:00:00+00:00,118847.55,0.0005616352001085456,,0.0,10000.0
2025-07-28 13:00:00+00:00,118384.01,-0.003900290750629809,,0.0,10000.0
2025-07-28 14:00:00+00:00,118030.010085,-0.002990267984671169,,0.0,10000.0
2025-07-28 15:00:00+00:00,118198.07,0.001423874444126394,,0.0,10000.0
2025-07-28 16:00:00+00:00,118003.29,-0.0016479118483069266,,0.0,10000.0
2025-07-28 17:00:00+00:00,117680.5065,-0.0027353771238072255,,0.0,10000.0
2025-07-28 18:00:00+00:00,117800.64,0.0010208445185440063,,0.0,10000.0
2025-07-28 19:00:00+00:00,118070.11,0.002287508794519333,,0.0,10000.0
2025-07-28 20:00:00+00:00,118053.452,-0.00014108566511872311,,0.0,10000.0
2025-07-28 21:00:00+00:00,118154.979,0.0008600087357037989,,0.0,10000.0
2025-07-28 22:00:00+00:00,117859.825,-0.0024980242263002994,,0.0,10000.0
2025-07-28 23:00:00+00:00,118047.339,0.0015909916716745354,,0.0,10000.0
2025-07-29 00:00:00+00:00,117991.73,-0.0004710737274646881,,0.0,10000.0
2025-07-29 01:00:00+00:00,117831.346,-0.0013592817055906314,,0.0,10000.0
2025-07-29 02:00:00+00:00,118060.45,0.001944338308755178,,0.0,10000.0
2025-07-29 03:00:00+00:00,118770.225,0.006011962515813041,,0.0,10000.0
2025-07-29 04:00:00+00:00,118514.8,-0.0021505810905048106,,0.0,10000.0
2025-07-29 05:00:00+00:00,118837.55,0.0027232885681787167,,0.0,10000.0
2025-07-29 06:00:00+00:00,118787.56,-0.0004206582851968843,,0.0,10000.0
2025-07-29 07:00:00+00:00,118855.361,0.0005707752562642554,,0.0,10000.0
2025-07-29 08:00:00+00:00,118949.8275,0.0007948021797687943,,0.0,10000.0
2025-07-29 09:00:00+00:00,118773.124,-0.001485529686875764,,0.0,10000.0
2025-07-29 10:00:00+00:00,118358.855,-0.003487901859009823,,0.0,10000.0
2025-07-29 11:00:00+00:00,118637.2615,0.0023522236675912467,,0.0,10000.0
2025-07-29 12:00:00+00:00,118924.75,0.002423256372956706,,0.0,10000.0
2025-07-29 13:00:00+00:00,118557.25,-0.003090189384463704,,0.0,10000.0
2025-07-29 14:00:00+00:00,117792.95,-0.006446674496920268,,0.0,10000.0
2025-07-29 15:00:00+00:00,117392.503,-0.003399583761167335,,0.0,10000.0
2025-07-29 16:00:00+00:00,117703.5285,0.002649449428640205,,0.0,10000.0
2025-07-29 17:00:00+00:00,117774.2295,0.0006006701829672778,,0.0,10000.0
2025-07-29 18:00:00+00:00,117591.2495,-0.0015536505802400402,,0.0,10000.0
2025-07-29 19:00:00+00:00,117515.9,-0.0006407747202312741,,0.0,10000.0
2025-07-29 20:00:00+00:00,117469.2,-0.0003973930336235165,,0.0,10000.0
2025-07-29 21:00:00+00:00,117578.3315,0.0009290222458313568,,0.0,10000.0
2025-07-29 22:00:00+00:00,117831.346,0.002151880340298895,,0.0,10000.0
2025-07-29 23:00:00+00:00,117952.185,0.0010255250754751533,,0.0,10000.0
2025-07-30 00:00:00+00:00,117736.82,-0.0018258669816078044,,0.0,10000.0
2025-07-30 01:00:00+00:00,117847.659,0.0009414132299478961,,0.0,10000.0
2025-07-30 02:00:00+00:00,118010.501,0.0013818008892310107,,0.0,10000.0
2025-07-30 03:00:00+00:00,118167.595,0.001331186620417757,,0.0,10000.0
2025-07-30 04:00:00+00:00,118034.903,-0.0011229136041907006,,0.0,10000.0
2025-07-30 05:00:00+00:00,117948.75,-0.0007298942754246918,,0.0,10000.0
2025-07-30 06:00:00+00:00,118237.83,0.0024508949861699048,,0.0,10000.0
2025-07-30 07:00:00+00:00,118127.447,-0.0009335675392554421,,0.0,10000.0
2025-07-30 08:00:00+00:00,118428.691,0.002550160929153167,,0.0,10000.0
2025-07-30 09:00:00+00:00,118195.165,-0.0019718701442036357,,0.0,10000.0
2025-07-30 10:00:00+00:00,118009.82,-0.0015681267503623308,,0.0,10000.0
2025-07-30 11:00:00+00:00,117546.834,-0.003923283672494393,,0.0,10000.0
2025-07-30 12:00:00+00:00,117767.41,0.001876494606396717,,0.0,10000.0
2025-07-30 13:00:00+00:00,117718.015,-0.00041942843100650773,,0.0,10000.0
2025-07-30 14:00:00+00:00,118628.58,0.007735137226022815,,0.0,10000.0
2025-07-30 15:00:00+00:00,117955.535,-0.005673548482161728,,0.0,10000.0
2025-07-30 16:00:00+00:00,117675.0235,-0.0023781122267810817,,0.0,10000.0
2025-07-30 17:00:00+00:00,117845.1405,0.0014456508691498282,,0.0,10000.0
2025-07-30 18:00:00+00:00,116497.162,-0.011438558215304595,,0.0,10000.0
2025-07-30 19:00:00+00:00,116942.8,0.003825312070692366,,0.0,10000.0
2025-07-30 20:00:00+00:00,117106.37,0.0013987180057257742,,0.0,10000.0
2025-07-30 21:00:00+00:00,117281.3285,0.001494013519503845,,0.0,10000.0
2025-07-30 22:00:00+00:00,117518.2,0.0020196863646542162,,0.0,10000.0
2025-07-30 23:00:00+00:00,117839.795,0.002736554848525641,,0.0,10000.0
2025-07-31 00:00:00+00:00,118425.105,0.004966997778636628,,0.0,10000.0
2025-07-31 01:00:00+00:00,118037.59,-0.0032722369129417617,,0.0,10000.0
2025-07-31 02:00:00+00:00,118449.2165,0.003487249273727011,,0.0,10000.0
2025-07-31 03:00:00+00:00,118444.75,-3.770814305048553e-05,,0.0,10000.0
2025-07-31 04:00:00+00:00,118509.1195,0.0005434559150996332,,0.0,10000.0
2025-07-31 05:00:00+00:00,118364.6,-0.0012194799911579013,,0.0,10000.0
2025-07-31 06:00:00+00:00,118715.162,0.0029617132149306613,,0.0,10000.0
2025-07-31 07:00:00+00:00,118680.572,-0.00029136969041909655,,0.0,10000.0
2025-07-31 08:00:00+00:00,118573.9805,-0.0008981377339501995,,0.0,10000.0
2025-07-31 09:00:00+00:00,118612.13,0.00032173584659234145,,0.0,10000.0
2025-07-31 10:00:00+00:00,118542.735,-0.0005850582061042164,,0.0,10000.0
2025-07-31 11:00:00+00:00,118340.757,-0.0017038412349774656,,0.0,10000.0
2025-07-31 12:00:00+00:00,118565.04,0.001895230398095249,,0.0,10000.0
2025-07-31 13:00:00+00:00,118577.0925,0.0001016530673798588,,0.0,10000.0
2025-07-31 14:00:00+00:00,117880.34,-0.005875945221038403,,0.0,10000.0
2025-07-31 15:00:00+00:00,118308.578,0.003632819518504915,,0.0,10000.0
2025-07-31 16:00:00+00:00,118504.835,0.0016588568920168356,,0.0,10000.0
2025-07-31 17:00:00+00:00,117762.1915,-0.0062667780601526335,,0.0,10000.0
2025-07-31 18:00:00+00:00,117685.6185,-0.0006502341628042974,,0.0,10000.0
2025-07-31 19:00:00+00:00,116755.294,-0.0079051672741135,,0.0,10000.0
2025-07-31 20:00:00+00:00,116505.661,-0.002138087203137906,,0.0,10000.0
2025-07-31 21:00:00+00:00,116550.6065,0.00038577953735652315,,0.0,10000.0
2025-07-31 22:00:00+00:00,116037.287,-0.00440426279549222,,0.0,10000.0
2025-07-31 23:00:00+00:00,115753.1085,-0.0024490274406363532,,0.0,10000.0
2025-08-01 00:00:00+00:00,115409.512,-0.002968356569016062,,0.0,10000.0
2025-08-01 01:00:00+00:00,115335.131,-0.0006444962699435619,,0.0,10000.0
2025-08-01 02:00:00+00:00,116000.4895,0.005768914416891757,,0.0,10000.0
2025-08-01 03:00:00+00:00,115658.99,-0.00294394878394022,,0.0,10000.0
2025-08-01 04:00:00+00:00,115706.9,0.00041423498510573253,,0.0,10000.0
2025-08-01 05:00:00+00:00,115569.51,-0.0011873967758189163,,0.0,10000.0
2025-08-01 06:00:00+00:00,115112.7845,-0.003951954974975691,,0.0,10000.0
2025-08-01 07:00:00+00:00,115023.67,-0.0007741494603494825,,0.0,10000.0
2025-08-01 08:00:00+00:00,114612.15,-0.003577698398946949,,0.0,10000.0
2025-08-01 09:00:00+00:00,114907.876,0.002580232549515893,0.003130677446736412,0.0,10000.0
2025-08-01 10:00:00+00:00,114771.5445,-0.0011864417370311964,0.003130677446736412,1.0,9973.13558262969
2025-08-01 11:00:00+00:00,115227.0,0.00396836604390205,0.003130677446736412,1.0,10012.712635227028
2025-08-01 12:00:00+00:00,115687.35,0.003995157384987902,0.003130677446736412,1.0,10052.714998055417
2025-08-01 13:00:00+00:00,114324.655,-0.011779118460229276,0.003130677446736412,1.0,9934.302877246399
2025-08-01 14:00:00+00:00,115523.55,0.010486758083809722,0.003130677446736412,1.0,10038.481508251376
2025-08-01 15:00:00+00:00,115376.55,-0.0012724678214961482,0.003130677446736412,1.0,10025.707863555443
2025-08-01 16:00:00+00:00,114958.3475,-0.003624675031451363,0.003130677446736412,1.0,9989.367930589788
2025-08-01 17:00:00+00:00,114353.787,-0.005258952595852184,0.003130677446736412,1.0,9936.83431818029
2025-08-01 18:00:00+00:00,113831.5335,-0.0045669978555235025,0.003130677446736412,1.0,9891.452817158468
2025-08-01 19:00:00+00:00,113289.17,-0.0047646155974874205,0.003130677446736412,1.0,9844.323846784024
2025-08-01 20:00:00+00:00,113902.235,0.005411505795302363,0.003130677446736412,1.0,9897.596462331729
2025-08-01 21:00:00+00:00,113885.838,-0.00014395678890755104,0.003130677446736412,1.0,9896.171636127108
2025-08-01 22:00:00+00:00,113086.505,-0.0070187216781071315,0.003130677446736412,1.0,9826.713161734355
2025-08-01 23:00:00+00:00,113277.955,0.0016929517805859273,0.003130677446736412,1.0,9843.34931327882
2025-08-02 00:00:00+00:00,113758.451,0.004241743241215845,0.003130677446736412,1.0,9885.102273699347
2025-08-02 01:00:00+00:00,113635.043,-0.0010848248979761221,0.003130677446736412,1.0,9874.378668633797
2025-08-02 02:00:00+00:00,113680.645,0.000401302263774328,0.003130677446736412,1.0,9878.341279146885
2025-08-02 03:00:00+00:00,113892.214,0.0018610819810180868,0.003130677446736412,1.0,9896.725682103854
2025-08-02 04:00:00+00:00,113997.559,0.0009249534827726613,0.003130677446736412,1.0,9905.87969299156
2025-08-02 05:00:00+00:00,113957.415,-0.00035214789116666534,0.003130677446736412,1.0,9902.391358347522
2025-08-02 06:00:00+00:00,113685.385,-0.0023871197850530157,0.003130677446736412,1.0,9878.753164016673
2025-08-02 07:00:00+00:00,113979.22,0.00258463302033074,0.003130677446736412,1.0,9904.286115644087
2025-08-02 08:00:00+00:00,113675.71,-0.0026628538079133124,0.003130677446736412,1.0,9877.912449646381
2025-08-02 09:00:00+00:00,113670.29,-4.767949107165048e-05,0.0026429965354397658,1.0,9877.441475807931
2025-08-02 10:00:00+00:00,113561.577,-0.0009563888681904942,0.0026429965354397658,1.0,9867.994800734265
2025-08-02 11:00:00+00:00,113738.82,0.001560765574786016,0.0026429965354397658,1.0,9883.396427311418
2025-08-02 12:00:00+00:00,113599.763,-0.001222599284923076,0.0026429965354397658,1.0,9871.312993906775
2025-08-02 13:00:00+00:00,113437.8625,-0.0014251834310605727,0.0026429965354397658,1.0,9857.244562185046
2025-08-02 14:00:00+00:00,113119.5,-0.0028064924090049903,0.0026429965354397658,1.0,9829.580280147567
2025-08-02 15:00:00+00:00,112814.0635,-0.002700122436891883,0.0026429965354397658,1.0,9803.039209887911
2025-08-02 16:00:00+00:00,113126.1015,0.002765949477566698,0.0026429965354397658,1.0,9830.153921069066
2025-08-02 17:00:00+00:00,112689.334,-0.0038608905832400175,0.0026429965354397658,1.0,9792.20077236341
2025-08-02 18:00:00+00:00,112325.106,-0.003232142626736989,0.0026429965354397658,1.0,9760.550982837487
2025-08-02 19:00:00+00:00,112243.335,-0.0007279850686274791,0.0026429965354397658,1.0,9753.445447460404
2025-08-02 20:00:00+00:00,112768.625,0.004679921529416431,0.0026429965354397658,1.0,9799.090806795963
2025-08-02 21:00:00+00:00,112832.49,0.0005663366029338146,0.0026429965354397658,1.0,9804.640390595323
2025-08-02 22:00:00+00:00,112825.6095,-6.097977630381557e-05,0.0026429965354397658,1.0,9804.042505817564
2025-08-02 23:00:00+00:00,112572.565,-0.002242793113384489,0.0026429965354397658,1.0,9782.054066802188
2025-08-03 00:00:00+00:00,112920.1,0.0030872086817956834,0.0026429965354397658,1.0,9812.253309043013
2025-08-03 01:00:00+00:00,113075.52,0.0013763714343151268,0.0026429965354397658,1.0,9825.758614203844
2025-08-03 02:00:00+00:00,113444.815,0.00326591467366244,0.0026429965354397658,1.0,9857.848703441838
2025-08-03 03:00:00+00:00,113577.705,0.0011714065556895914,0.0026429965354397658,1.0,9869.396252038046
2025-08-03 04:00:00+00:00,113434.3975,-0.0012617573140784044,0.0026429965354397658,1.0,9856.9434691315
2025-08-03 05:00:00+00:00,113593.0165,0.001398332459076057,0.0026429965354397658,1.0,9870.726753131665
2025-08-03 06:00:00+00:00,113517.776,-0.0006623690638587476,0.0026429965354397658,1.0,9864.188689092587
2025-08-03 07:00:00+00:00,113689.8565,0.001515890339500725,0.0026429965354397658,1.0,9879.141717433395
2025-08-03 08:00:00+00:00,113695.7055,5.14469819916652e-05,0.0026429965354397658,1.0,9879.649969459424
2025-08-03 09:00:00+00:00,113641.653,-0.0004754137349540777,0.0022658874053102063,1.0,9874.953048167405
2025-08-03 10:00:00+00:00,113878.318,0.0020825550645588997,0.0022658874053102063,1.0,9895.518181650146
2025-08-03 11:00:00+00:00,113858.5,-0.00017402786015863203,0.0022658874053102063,1.0,9893.796085795833
2025-08-03 12:00:00+00:00,114010.89,0.0013384156650579904,0.0022658874053102063,1.0,9907.038097463952
2025-08-03 13:00:00+00:00,113943.315,-0.0005927065388227071,0.0022658874053102063,1.0,9901.16613120322
2025-08-03 14:00:00+00:00,113791.8445,-0.0013293495980873926,0.0022658874053102063,1.0,9888.004019986107
2025-08-03 15:00:00+00:00,113933.23,0.001242492382659277,0.0022658874053102063,1.0,9900.289789660645
2025-08-03 16:00:00+00:00,113999.049,0.0005776980078595617,0.0022658874053102063,1.0,9906.009167349364
2025-08-03 17:00:00+00:00,114142.23,0.0012559841617625356,0.0022658874053102063,1.0,9918.45095796983
2025-08-03 18:00:00+00:00,114374.339,0.002033506792359141,0.0022658874053102063,1.0,9938.620195362542
2025-08-03 19:00:00+00:00,114292.309,-0.000717206330696385,0.0022658874053102063,1.0,9931.492154040041
2025-08-03 20:00:00+00:00,114448.107,0.0013631538409115684,0.0022658874053102063,1.0,9945.030305715803
2025-08-03 21:00:00+00:00,114465.862,0.00015513581190118586,0.0022658874053102063,1.0,9946.573136066663
2025-08-03 22:00:00+00:00,114311.188,-0.0013512675071629676,0.0022658874053102063,1.0,9933.132654980276
2025-08-03 23:00:00+00:00,114237.095,-0.000648169276309063,0.0022658874053102063,1.0,9926.694303575816
2025-08-04 00:00:00+00:00,114888.5,0.005702219581126489,0.0022658874053102063,1.0,9983.298494209523
2025-08-04 01:00:00+00:00,114726.403,-0.0014109070968808535,0.0022658874053102063,1.0,9969.212987513763
2025-08-04 02:00:00+00:00,114840.5175,0.0009946664151929685,0.0022658874053102063,1.0,9979.12902885835
2025-08-04 03:00:00+00:00,114596.7485,-0.0021226741685486106,0.0022658874053102063,1.0,9957.946589444178
2025-08-04 04:00:00+00:00,114374.4295,-0.0019400114131510326,0.0022658874053102063,1.0,9938.628059409108
2025-08-04 05:00:00+00:00,114407.75,0.00029132822909505585,0.0022658874053102063,1.0,9941.52346232129
2025-08-04 06:00:00+00:00,114464.76,0.0004983054032614564,0.0022658874053102063,1.0,9946.477377179215
2025-08-04 07:00:00+00:00,114692.9735,0.0019937446249833624,0.0022658874053102063,1.0,9966.308112987484
2025-08-04 08:00:00+00:00,114520.4625,-0.0015041113220418678,0.0022658874053102063,1.0,9951.317676115783
2025-08-04 09:00:00+00:00,114329.023,-0.0016716619529894006,0.0022736999505156286,1.0,9934.68243697451
2025-08-04 10:00:00+00:00,114231.7335,-0.0008509606523970925,0.0022736999505156286,1.0,9926.228413126584
2025-08-04 11:00:00+00:00,114481.1,0.002182987969800987,0.0022736999505156286,1.0,9947.897250337935
2025-08-04 12:00:00+00:00,114429.758,-0.00044847577460382926,0.0022736999505156286,1.0,9943.435859412912
2025-08-04 13:00:00+00:00,114891.365,0.004033976896114844,0.0022736999505156286,1.0,9983.547449937783
2025-08-04 14:00:00+00:00,114728.1205,-0.0014208596094231751,0.0022736999505156286,1.0,9969.362230607407
2025-08-04 15:00:00+00:00,114831.671,0.0009025729659712933,0.0022736999505156286,1.0,9978.360307444727
2025-08-04 16:00:00+00:00,115346.319,0.004481760088643094,0.0022736999505156286,1.0,10023.080924420734
2025-08-04 17:00:00+00:00,115175.081,-0.001484555393570841,0.0022736999505156286,1.0,10008.201105574188
2025-08-04 18:00:00+00:00,115021.22,-0.001335887925270951,0.0022736999505156286,1.0,9994.831270563567
2025-08-04 19:00:00+00:00,114729.015,-0.0025404442762823054,0.0022736999505156286,1.0,9969.439958669856
2025-08-04 20:00:00+00:00,114838.4155,0.0009535556458843963,0.0022736999505156286,1.0,9978.946374428751
2025-08-04 21:00:00+00:00,115082.567,0.00212604378889214,0.0022736999505156286,1.0,10000.162051387793
2025-08-04 22:00:00+00:00,115269.227,0.0016219659055745073,0.0022736999505156286,1.0,10016.381973285364
2025-08-04 23:00:00+00:00,115084.3735,-0.0016036673864395778,0.0022736999505156286,1.0,10000.319028184686
2025-08-05 00:00:00+00:00,114859.244,-0.001956212586933015,0.0022736999505156286,1.0,9980.756278228406
2025-08-05 01:00:00+00:00,114756.535,-0.0008942162286912358,0.0022736999505156286,1.0,9971.831323989802
2025-08-05 02:00:00+00:00,114699.2195,-0.0004994530376853934,0.0022736999505156286,1.0,9966.850862543748
2025-08-05 03:00:00+00:00,114297.8,-0.003499757903758005,0.0022736999505156286,1.0,9931.969297461983
2025-08-05 04:00:00+00:00,114361.0645,0.0005535058417571737,0.0022736999505156286,1.0,9937.466700488281
2025-08-05 05:00:00+00:00,114412.794,0.00045233489410212435,0.0022736999505156286,1.0,9941.96176343589
2025-08-05 06:00:00+00:00,114173.115,-0.00209486187357677,0.0022736999505156286,1.0,9921.134726789109
2025-08-05 07:00:00+00:00,113987.477,-0.0016259344417467458,0.0022736999505156286,1.0,9905.003612135613
2025-08-05 08:00:00+00:00,114251.5795,0.0023169431147249675,0.0022736999505156286,1.0,9927.952942056078
2025-08-05 09:00:00+00:00,114691.415,0.0038497104541121985,0.002253947940729715,1.0,9966.172686285045
2025-08-05 10:00:00+00:00,114811.319,0.0010454487809745672,0.002253947940729715,1.0,9976.591809370904
2025-08-05 11:00:00+00:00,114804.66,-5.7999507870776235e-05,0.002253947940729715,1.0,9976.013171955734
2025-08-05 12:00:00+00:00,113955.72,-0.007394647569184065,0.002253947940729715,1.0,9902.244070403583
2025-08-05 13:00:00+00:00,114375.765,0.0036860369975284524,0.002253947940729715,1.0,9938.744108405648
2025-08-05 14:00:00+00:00,113039.885,-0.011679747016336894,0.002253947940729715,1.0,9822.662091559361
2025-08-05 15:00:00+00:00,112939.8345,-0.0008850902493398038,0.002253947940729715,1.0,9813.968149119562
2025-08-05 16:00:00+00:00,113162.8,0.001974197155389046,0.002253947940729715,1.0,9833.342857122632
2025-08-05 17:00:00+00:00,113606.1985,0.0039182354978843925,0.002253947940729715,1.0,9871.872210168278
2025-08-05 18:00:00+00:00,113604.3775,-1.6029054963895284e-05,0.002253947940729715,1.0,9871.713973386024
2025-08-05 19:00:00+00:00,113634.147,0.00026204536000373757,0.002253947940729715,1.0,9874.300810228035
2025-08-05 20:00:00+00:00,113675.2945,0.00036210506336620263,0.002253947940729715,1.0,9877.876344548618
2025-08-05 21:00:00+00:00,113607.85,-0.000593308337547338,0.002253947940729715,1.0,9872.015718156135
2025-08-05 22:00:00+00:00,113919.8,0.0027458489884282233,0.002253947940729715,1.0,9899.122782529583
2025-08-05 23:00:00+00:00,114172.193,0.002215532330639647,0.002253947940729715,1.0,9921.054609099248
2025-08-06 00:00:00+00:00,113845.805,-0.002858734613252145,0.002253947940729715,1.0,9892.692946888252
2025-08-06 01:00:00+00:00,113884.505,0.00033993347405303354,0.002253947940729715,1.0,9896.055804369427
2025-08-06 02:00:00+00:00,113614.4045,-0.0023717054396469317,0.002253947940729715,1.0,9872.585274987156
2025-08-06 03:00:00+00:00,113530.6965,-0.0007367727742656482,0.002253947940729715,1.0,9865.31142294493
2025-08-06 04:00:00+00:00,113415.724,-0.0010126996798615062,0.002253947940729715,1.0,9855.320825225179
2025-08-06 05:00:00+00:00,114148.425,0.006460312328473883,0.002253947940729715,1.0,9918.989275853446
2025-08-06 06:00:00+00:00,114055.084,-0.0008177160569670106,0.002253947940729715,1.0,9910.878359053697
2025-08-06 07:00:00+00:00,114175.9135,0.001059396002022872,0.002253947940729715,1.0,9921.377903963814
2025-08-06 08:00:00+00:00,113925.5005,-0.002193220902060089,0.002253947940729715,1.0,9899.618130567604
2025-08-06 09:00:00+00:00,114069.4415,0.0012634660314703172,0.002877624691440879,1.0,9912.125961800104
2025-08-06 10:00:00+00:00,114075.995,5.745184611938292e-05,0.002877624691440879,1.0,9912.695431735578
2025-08-06 11:00:00+00:00,114179.65,0.0009086486600444754,0.002877624691440879,1.0,9921.702589157054
2025-08-06 12:00:00+00:00,113904.407,-0.002410613449944754,0.002877624691440879,1.0,9897.78519944928
2025-08-06 13:00:00+00:00,114281.15,0.0033075366434240916,0.002877624691440879,1.0,9930.522486685199
2025-08-06 14:00:00+00:00,115216.932,0.00818841952500482,0.002877624691440879,1.0,10011.83777090867
2025-08-06 15:00:00+00:00,115443.1503751843,0.001963412592728142,0.002877624691440879,1.0,10031.495139264423
2025-08-06 16:00:00+00:00,115136.415,-0.0026570253340058025,0.002877624691440879,1.0,10004.841202541442
2025-08-06 17:00:00+00:00,115506.7935,0.003216866705464172,0.002877624691440879,1.0,10037.025443099354
2025-08-06 18:00:00+00:00,115429.586,-0.000668423887985492,0.002877624691440879,1.0,10030.316455528868
2025-08-06 19:00:00+00:00,115244.336,-0.0016048745076500115,0.002877624691440879,1.0,10014.219056345726
2025-08-06 20:00:00+00:00,115127.255,-0.0010159371303071207,0.002877624691440879,1.0,10004.045239375355
2025-08-06 21:00:00+00:00,115099.692,-0.00023941333440125057,0.002877624691440879,1.0,10001.650137547094
2025-08-06 22:00:00+00:00,115137.422,0.00032780278856003875,0.002877624691440879,1.0,10004.928706352384
2025-08-06 23:00:00+00:00,115059.26,-0.0006788583472019383,0.002877624691440879,1.0,9998.136776986918
2025-08-07 00:00:00+00:00,114924.178,-0.0011740211087747365,0.002877624691440879,1.0,9986.398753362319
2025-08-07 01:00:00+00:00,114754.63,-0.001475303134210737,0.002877624691440879,1.0,9971.665787982005
2025-08-07 02:00:00+00:00,114583.0505,-0.0014951858587318734,0.002877624691440879,1.0,9956.756294307814
2025-08-07 03:00:00+00:00,114572.168,-9.49747798867362e-05,0.002877624691440879,1.0,9955.810653570376
2025-08-07 04:00:00+00:00,114380.6365,-0.0016717105327012094,0.002877624691440879,1.0,9939.167420039223
2025-08-07 05:00:00+00:00,114582.325,0.0017633098238616363,0.002877624691440879,1.0,9956.693251591983
2025-08-07 06:00:00+00:00,114655.0785,0.0006349452238816333,0.002877624691440879,1.0,9963.015206417736
2025-08-07 07:00:00+00:00,114830.3,0.001528248920958264,0.002877624691440879,1.0,9978.241173656435
2025-08-07 08:00:00+00:00,114980.07,0.0013042724786054283,0.002877624691440879,1.0,9991.255519004124
2025-08-07 09:00:00+00:00,115078.995,0.0008603664965587399,0.0020829392912688665,1.0,9999.851660511233
2025-08-07 10:00:00+00:00,116350.335,0.01104754173426703,0.0020829392912688665,1.0,10110.32543906721
2025-08-07 11:00:00+00:00,116608.9,0.002222296996394535,0.0020829392912688665,1.0,10132.79358492302
2025-08-07 12:00:00+00:00,116385.343,-0.001917152121321819,0.0020829392912688665,1.0,10113.367478206768
2025-08-07 13:00:00+00:00,116676.3955,0.00250076592548254,0.0020829392912688665,1.0,10138.658642988152
2025-08-07 14:00:00+00:00,116346.405,-0.002828254151886256,0.0020829392912688665,1.0,10109.983939586564
2025-08-07 15:00:00+00:00,116754.78,0.0035099924230577173,0.0020829392912688665,1.0,10145.469906611748
2025-08-07 16:00:00+00:00,116295.4905,-0.003933796115242583,0.0020829392912688665,1.0,10105.559696505808
2025-08-07 17:00:00+00:00,116549.6985,0.002185880113726224,0.0020829392912688665,1.0,10127.649238484473
2025-08-07 18:00:00+00:00,116604.399,0.0004693319734327961,0.0020829392912688665,1.0,10132.402468087806
2025-08-07 19:00:00+00:00,117505.5345,0.00772814325812865,0.0020829392912688665,1.0,10210.707125910205
2025-08-07 20:00:00+00:00,117196.839,-0.0026270720039998086,0.0020829392912688665,1.0,10183.882863078685
2025-08-07 21:00:00+00:00,117169.1255,-0.00023646968840185245,0.0020829392912688665,1.0,10181.474683471331
2025-08-07 22:00:00+00:00,117623.1675,0.003875099332374843,0.0020829392912688665,1.0,10220.928909219843
2025-08-07 23:00:00+00:00,117523.545,-0.0008469632481202805,0.0020829392912688665,1.0,10212.272158072084
2025-08-08 00:00:00+00:00,117348.375,-0.0014905098378371617,0.0020829392912688665,1.0,10197.050665953808
2025-08-08 01:00:00+00:00,116922.08,-0.003632730321148414,0.0020829392912688665,1.0,10160.007530813311
2025-08-08 02:00:00+00:00,116765.215,-0.0013416199917073435,0.0020829392912688665,1.0,10146.376661594075
2025-08-08 03:00:00+00:00,116747.66,-0.00015034443262917918,0.0020829392912688665,1.0,10144.851210351646
2025-08-08 04:00:00+00:00,116803.8785,0.0004815385593166521,0.0020829392912688665,1.0,10149.736347387961
2025-08-08 05:00:00+00:00,116589.485,-0.001835499837447685,0.0020829392912688665,1.0,10131.106507972194
2025-08-08 06:00:00+00:00,116795.3,0.0017652964158818563,0.0020829392912688665,1.0,10148.990913979635
2025-08-08 07:00:00+00:00,116893.735,0.0008427993249728871,0.0020829392912688665,1.0,10157.544476671093
2025-08-08 08:00:00+00:00,116631.1025,-0.002246762839770766,0.0020829392912688665,1.0,10134.72288319759
2025-08-08 09:00:00+00:00,116735.135,0.0008919790499279934,0.0025804681335618506,1.0,10143.762843686229
2025-08-08 10:00:00+00:00,116576.15,-0.0013619292940382222,0.0025804681335618506,1.0,10129.947755917636
2025-08-08 11:00:00+00:00,116921.9065,0.0029659282794980424,0.0025804681335618506,1.0,10159.99245443675
2025-08-08 12:00:00+00:00,116558.425,-0.003108754474508979,0.0025804681335618506,1.0,10128.407532433042
2025-08-08 13:00:00+00:00,116927.042,0.0031625084158437566,0.0025804681335618506,1.0,10160.438706493458
2025-08-08 14:00:00+00:00,116513.7015,-0.0035350291338080986,0.0025804681335618506,1.0,10124.521259653733
2025-08-08 15:00:00+00:00,116240.3935,-0.0023457155380132155,0.0025804681335618506,1.0,10100.772012820018
2025-08-08 16:00:00+00:00,116187.985,-0.0004508630642239275,0.0025804681335618506,1.0,10096.21794779929
2025-08-08 17:00:00+00:00,116698.795,0.00439640983531997,0.0025804681335618506,1.0,10140.605059684529
2025-08-08 18:00:00+00:00,116510.687,-0.0016119103886205188,0.0025804681335618506,1.0,10124.259313041926
2025-08-08 19:00:00+00:00,116538.435,0.00023815841030949692,0.0025804681335618506,1.0,10126.67049054548
2025-08-08 20:00:00+00:00,116830.09,0.002502650734927059,0.0025804681335618506,1.0,10152.014009891009
2025-08-08 21:00:00+00:00,116931.51,0.0008680982784485813,0.0025804681335618506,1.0,10160.826955775781
2025-08-08 22:00:00+00:00,116917.865,-0.00011669224146670931,0.0025804681335618506,1.0,10159.641266103157
2025-08-08 23:00:00+00:00,116680.1745,-0.0020329698972865184,0.0025804681335618506,1.0,10138.98702124194
2025-08-09 00:00:00+00:00,116603.834,-0.0006542713903807673,0.0025804681335618506,1.0,10132.353372106498
2025-08-09 01:00:00+00:00,116610.71,5.896890148582301e-05,0.0025804681335618506,1.0,10132.950865854316
2025-08-09 02:00:00+00:00,116435.8675,-0.0014993691402789278,0.0025804681335618506,1.0,10117.75783202609
2025-08-09 03:00:00+00:00,116404.2195,-0.00027180627996770124,0.0025804681335618506,1.0,10115.007761908153
2025-08-09 04:00:00+00:00,116430.6,0.00022662838265929963,0.0025804681335618506,1.0,10117.30010975782
2025-08-09 05:00:00+00:00,116763.0475,0.002855327551348097,0.0025804681335618506,1.0,10146.188315506468
2025-08-09 06:00:00+00:00,116750.031,-0.00011147790571330862,0.0025804681335618506,1.0,10145.057239682083
2025-08-09 07:00:00+00:00,116786.0065,0.0003081412458041388,0.0025804681335618506,1.0,10148.183350258672
2025-08-09 08:00:00+00:00,117126.49,0.0029154477510111576,0.0025804681335618506,1.0,10177.769848584034
2025-08-09 09:00:00+00:00,117473.413,0.0029619516473173846,0.0023509999139969,1.0,10207.915910753065
2025-08-09 10:00:00+00:00,117457.75,-0.00013333229707046534,0.0023509999139969,1.0,10206.554865876382
2025-08-09 11:00:00+00:00,117105.13,-0.00300210075537799,0.0023509999139969,1.0,10175.913759803727
2025-08-09 12:00:00+00:00,117151.217,0.00039355235761240337,0.0023509999139969,1.0,10179.918514654759
2025-08-09 13:00:00+00:00,116990.662,-0.0013704936586361738,0.0023509999139969,1.0,10165.967000884992
2025-08-09 14:00:00+00:00,116935.668,-0.0004700717053810477,0.0023509999139969,1.0,10161.188267440039
2025-08-09 15:00:00+00:00,116881.9515,-0.0004593679663249528,0.0023509999139969,1.0,10156.52054305018
2025-08-09 16:00:00+00:00,116696.388,-0.0015876146626452314,0.0023509999139969,1.0,10140.395902114575
2025-08-09 17:00:00+00:00,116693.3005,-2.6457545541203054e-05,0.0023509999139969,1.0,10140.127612128188
2025-08-09 18:00:00+00:00,116679.0905,-0.00012177220062425942,0.0023509999139969,1.0,10138.892826474248
2025-08-09 19:00:00+00:00,116568.7135,-0.0009459878331843363,0.0023509999139969,1.0,10129.301557218443
2025-08-09 20:00:00+00:00,116767.188,0.001702639533720074,0.0023509999139969,1.0,10146.548106498736
2025-08-09 21:00:00+00:00,116574.2195,-0.0016525918222847213,0.0023509999139969,1.0,10129.780004073518
2025-08-09 22:00:00+00:00,116616.955,0.00036659477698663956,0.0023509999139969,1.0,10133.493528515035
2025-08-09 23:00:00+00:00,116511.8,-0.0009017127912489542,0.0023509999139969,1.0,10124.356027780335
2025-08-10 00:00:00+00:00,116746.47,0.0020141307575713974,0.0023509999139969,1.0,10144.747804656492
2025-08-10 01:00:00+00:00,116618.4245,-0.0010967826264897118,0.0023509999139969,1.0,10133.621221514226
2025-08-10 02:00:00+00:00,117326.666,0.006073152703242046,0.0023509999139969,1.0,10195.164250629296
2025-08-10 03:00:00+00:00,118485.13,0.00987383379665796,0.0023509999139969,1.0,10295.829607969637
2025-08-10 04:00:00+00:00,118458.115,-0.0002280032945906063,0.0023509999139969,1.0,10293.482124898477
2025-08-10 05:00:00+00:00,118074.125,-0.0032415677051758074,0.0023509999139969,1.0,10260.115105668601
2025-08-10 06:00:00+00:00,118094.85,0.0001755253320743222,0.0023509999139969,1.0,10261.916015779645
2025-08-10 07:00:00+00:00,117794.825,-0.002540542623154285,0.0023509999139969,1.0,10235.845180746328
2025-08-10 08:00:00+00:00,118310.2795,0.004375867106216402,0.0023509999139969,1.0,10280.63587897708
2025-08-10 09:00:00+00:00,118286.07,-0.00020462718964331383,0.0034253453940037244,1.0,10278.53218134942
2025-08-10 10:00:00+00:00,118068.9785,-0.001835309094300075,0.0034253453940037244,1.0,10259.667897760934
2025-08-10 11:00:00+00:00,118356.76,0.0024374014551162837,0.0034253453940037244,1.0,10284.674827223946
2025-08-10 12:00:00+00:00,118513.969,0.0013282638017464432,0.0034253453940037244,1.0,10298.33558850968
2025-08-10 13:00:00+00:00,118476.9365,-0.0003124737135417055,0.0034253453940037244,1.0,10295.11762934504
2025-08-10 14:00:00+00:00,118808.4875,0.0027984433915542173,0.0034253453940037244,1.0,10323.927933240155
2025-08-10 15:00:00+00:00,118845.7,0.00031321415483875903,0.0034253453940037244,1.0,10327.16153360238
2025-08-10 16:00:00+00:00,118683.776,-0.0013624725168853713,0.0034253453940037244,1.0,10313.091059835411
2025-08-10 17:00:00+00:00,118578.97,-0.0008830693084790342,0.0034253453940037244,1.0,10303.98388564492
2025-08-10 18:00:00+00:00,118570.955,-6.75920865226276e-05,0.0034253453940037244,1.0,10303.287417874595
2025-08-10 19:00:00+00:00,118660.58,0.0007558765129285216,0.0034253453940037244,1.0,10311.075430839719
2025-08-10 20:00:00+00:00,118365.625,-0.0024857033397275297,0.0034253453940037244,1.0,10285.445156205098
2025-08-10 21:00:00+00:00,118700.982,0.0028332296644402177,0.0034253453940037244,1.0,10314.586184533631
2025-08-10 22:00:00+00:00,119044.46,0.0028936407619610804,0.0034253453940037244,1.0,10344.432891559958
2025-08-10 23:00:00+00:00,119256.920050761,0.0017847117855043226,0.0034253453940037244,1.0,10362.894722855885
2025-08-11 00:00:00+00:00,119219.142,-0.000316778688774666,0.0034253453940037244,1.0,10359.61197865367
2025-08-11 01:00:00+00:00,119960.415,0.006217734732564928,0.0034253453940037244,1.0,10424.02529786924
2025-08-11 02:00:00+00:00,121798.305083756,0.015320804648400133,0.0034253453940037244,1.0,10583.729753107877
2025-08-11 03:00:00+00:00,121738.21,-0.0004933983581681955,0.0034253453940037244,1.0,10578.507758224398
2025-08-11 04:00:00+00:00,122070.14,0.0027265884720992783,0.0034253453940037244,1.0,10607.350995529985
2025-08-11 05:00:00+00:00,122069.2205,-7.532554644473777e-06,0.0034253453940037244,1.0,10607.271095078979
2025-08-11 06:00:00+00:00,122290.345,0.0018114681087850748,0.0034253453940037244,1.0,10626.485828388952
2025-08-11 07:00:00+00:00,121521.345,-0.006288313276080815,0.0034253453940037244,1.0,10559.663156476208
2025-08-11 08:00:00+00:00,121669.86,0.001222130976249458,0.0034253453940037244,1.0,10572.568447918498
2025-08-11 09:00:00+00:00,121375.8035,-0.0024168393059711413,0.004678280337439512,1.0,10547.0162489285
2025-08-11 10:00:00+00:00,121195.665,-0.0014841384757547926,0.004678280337439512,0.8726460599409877,10531.34171104505
2025-08-11 11:00:00+00:00,120580.01,-0.005079843408590579,0.004678280337439512,0.8726460599409877,10484.65727018288
2025-08-11 12:00:00+00:00,119609.908,-0.00804529706043311,0.004678280337439512,0.8726460599409877,10411.04767063788
2025-08-11 13:00:00+00:00,119997.75,0.0032425574643866195,0.004678280337439512,0.8726460599409877,10440.506823134368
2025-08-11 14:00:00+00:00,120205.38,0.0017302824427958274,0.004678280337439512,0.8726460599409877,10456.271196590538
2025-08-11 15:00:00+00:00,120310.905,0.0008778725211799898,0.004678280337439512,0.8726460599409877,10464.281453144546
2025-08-11 16:00:00+00:00,120010.149,-0.002499823270384338,0.004678280337439512,0.8726460599409877,10441.454032020674
2025-08-11 17:00:00+00:00,119534.805,-0.003960865009841941,0.004678280337439512,0.8726460599409877,10405.363843180381
2025-08-11 18:00:00+00:00,119792.385,0.002154853559178882,0.004678280337439512,0.8726460599409877,10424.930343951279
2025-08-11 19:00:00+00:00,119142.2965,-0.005426793197247037,0.004678280337439512,0.8726460599409877,10375.561317179177
2025-08-11 20:00:00+00:00,118882.352,-0.0021817986360536112,0.004678280337439512,0.8726460599409877,10355.80689188896
2025-08-11 21:00:00+00:00,118732.4955,-0.0012605445423892192,0.004678280337439512,0.8726460599409877,10344.41540874143
2025-08-11 22:00:00+00:00,118882.1,0.0012600131023103867,0.004678280337439512,0.8726460599409877,10355.789563835688
2025-08-11 23:00:00+00:00,118703.75,-0.0015002258540184332,0.004678280337439512,0.8726460599409877,10342.232114366021
2025-08-12 00:00:00+00:00,119000.0485,0.002496117435211609,0.004678280337439512,0.8726460599409877,10364.759844063072
2025-08-12 01:00:00+00:00,118991.025,-7.582770018799145e-05,0.004678280337439512,0.8726460599409877,10364.074000194845
2025-08-12 02:00:00+00:00,119064.118,0.0006142732193457068,0.004678280337439512,0.8726460599409877,10369.629590598102
2025-08-12 03:00:00+00:00,118863.918,-0.0016814469662471687,0.004678280337439512,0.8726460599409877,10354.41414941592
2025-08-12 04:00:00+00:00,119061.12,0.001659056872077791,0.004678280337439512,0.8726460599409877,10369.404953817848
2025-08-12 05:00:00+00:00,118844.4495,-0.0018198258171936432,0.004678280337439512,0.8726460599409877,10352.93767688085
2025-08-12 06:00:00+00:00,118857.466,0.00010952551890097695,0.004678280337439512,0.8726460599409877,10353.927179734936
2025-08-12 07:00:00+00:00,118997.065,0.0011745076241151953,0.004678280337439512,0.8726460599409877,10364.539224630347
2025-08-12 08:00:00+00:00,118826.0925,-0.0014367791340064162,0.004678280337439512,0.8726460599409877,10351.544168975024
2025-08-12 09:00:00+00:00,118484.805,-0.0028721595806072697,0.0021181861783013583,0.8726460599409877,10325.599278727806
2025-08-12 10:00:00+00:00,118419.5055,-0.0005511213020099603,0.0021181861783013583,1.0,10317.936112381856
2025-08-12 11:00:00+00:00,118577.15,0.0013312376143979066,0.0021181861783013583,1.0,10331.671737037614
2025-08-12 12:00:00+00:00,119238.11,0.005574092479031734,0.0021181861783013583,1.0,10389.26143076286
2025-08-12 13:00:00+00:00,118864.605,-0.0031324297240202803,0.0021181861783013583,1.0,10356.71779944652
2025-08-12 14:00:00+00:00,119366.8245,0.004225139182517879,0.0021181861783013583,1.0,10400.476373623242
2025-08-12 15:00:00+00:00,119892.515,0.004403991663529672,0.0021181861783013583,1.0,10446.279984869416
2025-08-12 16:00:00+00:00,119681.475,-0.0017602433312871035,0.0021181861783013583,1.0,10427.891990189291
2025-08-12 17:00:00+00:00,119265.5,-0.0034756841023224627,0.0021181861783013583,1.0,10391.647931778254
2025-08-12 18:00:00+00:00,119346.089,0.0006757109138855188,0.0021181861783013583,1.0,10398.669681699013
2025-08-12 19:00:00+00:00,119714.515,0.0030870387382362363,0.0021181861783013583,1.0,10430.77077783254
2025-08-12 20:00:00+00:00,120189.097,0.003964281190129704,0.0021181861783013583,1.0,10472.121286225656
2025-08-12 21:00:00+00:00,119880.357,-0.002568785419862052,0.0021181861783013583,1.0,10445.220653750574
2025-08-12 22:00:00+00:00,120049.115,0.0014077201988980104,0.0021181861783013583,1.0,10459.924601846806
2025-08-12 23:00:00+00:00,120134.4135,0.0007105300193175346,0.0021181861783013583,1.0,10467.356692276217
2025-08-13 00:00:00+00:00,119704.85,-0.003575690657531605,0.0021181861783013583,1.0,10429.928662742594
2025-08-13 01:00:00+00:00,119463.6,-0.0020153736460970517,0.0021181861783013583,1.0,10408.90845938503
2025-08-13 02:00:00+00:00,119554.945,0.0007646262125031722,0.0021181861783013583,1.0,10416.867383636622
2025-08-13 03:00:00+00:00,119472.1745,-0.000692321844153021,0.0021181861783013583,1.0,10409.655558799284
2025-08-13 04:00:00+00:00,119376.510000025,-0.000800726197337287,0.0021181861783013583,1.0,10401.320274888096
2025-08-13 05:00:00+00:00,119056.55,-0.002680259290750997,0.0021181861783013583,1.0,10373.44203958525
2025-08-13 06:00:00+00:00,119400.35,0.002887703364493621,0.0021181861783013583,1.0,10403.39746306434
2025-08-13 07:00:00+00:00,119646.37,0.0020604629718421474,0.0021181861783013583,1.0,10424.833278318341
2025-08-13 08:00:00+00:00,120065.845,0.0035059567624158294,0.0021181861783013583,1.0,10461.38229304752
2025-08-13 09:00:00+00:00,120131.403,0.0005460170625544158,0.0025079926667350492,1.0,10467.09438627743
2025-08-13 10:00:00+00:00,120504.3685,0.0031046461681629722,0.0025079926667350492,1.0,10499.591010755586
2025-08-13 11:00:00+00:00,120603.682,0.0008241485452868957,0.0025079926667350492,1.0,10508.244233413208
2025-08-13 12:00:00+00:00,120310.125,-0.0024340633314993143,0.0025079926667350492,1.0,10482.666501446218
2025-08-13 13:00:00+00:00,121692.936,0.01149372091501033,0.0025079926667350492,1.0,10603.151344658969
2025-08-13 14:00:00+00:00,120927.875,-0.006286815201828944,0.0025079926667350492,1.0,10536.491291598073
2025-08-13 15:00:00+00:00,120995.11,0.0005559925699512025,0.0025079926667350492,1.0,10542.349502469557
2025-08-13 16:00:00+00:00,121459.1655,0.0038353244193092273,0.0025079926667350492,1.0,10582.782832953271
2025-08-13 17:00:00+00:00,121842.6955,0.0031576867700444655,0.0025079926667350492,1.0,10616.19994629514
2025-08-13 18:00:00+00:00,121630.31,-0.001743112290223503,0.0025079926667350492,1.0,10597.694717693284
2025-08-13 19:00:00+00:00,122740.98,0.009131523219829019,0.0025079926667350492,1.0,10694.46781308456
2025-08-13 20:00:00+00:00,122877.42,0.0011116091789393767,0.0025079926667350492,1.0,10706.355881669457
2025-08-13 21:00:00+00:00,122625.665,-0.002048830452332173,0.0025079926667350492,1.0,10684.420373705587
2025-08-13 22:00:00+00:00,123025.25,0.0032585756007930122,0.0025079926667350492,1.0,10719.23636524396
2025-08-13 23:00:00+00:00,123345.813,0.0026056683485706778,0.0025079926667350492,1.0,10747.167140161724
2025-08-14 00:00:00+00:00,123879.9495,0.004330398308696637,0.0025079926667350492,1.0,10793.706654568761
2025-08-14 01:00:00+00:00,123430.404,-0.003628880232954934,0.0025079926667350492,1.0,10754.537585849683
2025-08-14 02:00:00+00:00,123709.6055,0.0022620156051664786,0.0025079926667350492,1.0,10778.864517695225
2025-08-14 03:00:00+00:00,123442.424,-0.0021597474094281477,0.0025079926667350492,1.0,10755.584892976556
2025-08-14 04:00:00+00:00,123105.25,-0.0027314272441700815,0.0025079926667350492,1.0,10726.206795372897
2025-08-14 05:00:00+00:00,122186.15,-0.007465969160535435,0.0025079926667350492,1.0,10646.125266229117
2025-08-14 06:00:00+00:00,121842.96,-0.002808747145236934,0.0025079926667350492,1.0,10616.222992279761
2025-08-14 07:00:00+00:00,121777.1465,-0.0005401502064624752,0.0025079926667350492,1.0,10610.48863723863
2025-08-14 08:00:00+00:00,121653.209,-0.001017740221068486,0.0025079926667350492,1.0,10599.689916187323
2025-08-14 09:00:00+00:00,121739.08,0.000705867117734682,0.0035121110935824413,1.0,10607.171888757342
2025-08-14 10:00:00+00:00,121030.02,-0.005824423841547022,0.0035121110935824413,1.0,10545.391223917077
2025-08-14 11:00:00+00:00,121024.47,-4.585639166221345e-05,0.0035121110935824413,1.0,10544.90765032688
2025-08-14 12:00:00+00:00,118923.9165,-0.017356436264500896,0.0035121110935824413,1.0,10361.885632778934
2025-08-14 13:00:00+00:00,118459.315,-0.003906712069981388,0.0035121110935824413,1.0,10321.40472910959
2025-08-14 14:00:00+00:00,118848.8415,0.0032882724334510893,0.0035121110935824413,1.0,10355.344319754813
2025-08-14 15:00:00+00:00,118332.977,-0.004340509284644578,0.0035121110935824413,1.0,10310.396851589227
2025-08-14 16:00:00+00:00,117911.327,-0.0035632501665194827,0.0035121110935824413,1.0,10273.65832829092
2025-08-14 17:00:00+00:00,117966.57,0.0004685130886534772,0.0035121110935824413,1.0,10278.471671686078
2025-08-14 18:00:00+00:00,118134.615,0.0014245137414776732,0.0035121110935824413,1.0,10293.113495823784
2025-08-14 19:00:00+00:00,117997.105,-0.0011640110732997755,0.0035121110935824413,1.0,10281.132197735913
2025-08-14 20:00:00+00:00,117909.415,-0.0007431538256807979,0.0035121110935824413,1.0,10273.491735010835
2025-08-14 21:00:00+00:00,118009.7,0.0008505258040674146,0.0035121110935824413,1.0,10282.229604829336
2025-08-14 22:00:00+00:00,118392.3665,0.0032426698822216604,0.0035121110935824413,1.0,10315.571481091003
2025-08-14 23:00:00+00:00,118413.45,0.00017808158264998042,0.0035121110935824413,1.0,10317.408494386294
2025-08-15 00:00:00+00:00,118252.517,-0.0013590770305230704,0.0035121110935824413,1.0,10303.38634148705
2025-08-15 01:00:00+00:00,118842.26,0.004987149660416801,0.0035121110935824413,1.0,10354.770871181141
2025-08-15 02:00:00+00:00,118808.2685,-0.00028602199251337446,0.0035121110935824413,1.0,10351.809178984546
2025-08-15 03:00:00+00:00,119066.775,0.0021758292016518244,0.0035121110935824413,1.0,10374.332947686107
2025-08-15 04:00:00+00:00,118998.764,-0.0005712004881294197,0.0035121110935824413,1.0,10368.407123642372
2025-08-15 05:00:00+00:00,119097.441,0.000829227100207719,0.0035121110935824413,1.0,10377.004887815283
2025-08-15 06:00:00+00:00,119164.4665,0.0005627786746482677,0.0035121110935824413,1.0,10382.844844872867
2025-08-15 07:00:00+00:00,119050.9245,-0.0009528175918112058,0.0035121110935824413,1.0,10372.951887651625
2025-08-15 08:00:00+00:00,118994.882,-0.00047074392941814924,0.0035121110935824413,1.0,10368.068883520365
2025-08-15 09:00:00+00:00,118754.7,-0.002018422943601883,0.002353909238554855,1.0,10347.141735405023
2025-08-15 10:00:00+00:00,119002.5435,0.0020870205558181087,0.002353909238554855,1.0,10368.736432900776
2025-08-15 11:00:00+00:00,119141.3675,0.0011665633012287735,0.002353909238554855,1.0,10380.832220303511
2025-08-15 12:00:00+00:00,118742.151,-0.0033507799043853703,0.002353909238554855,1.0,10346.048336308922
2025-08-15 13:00:00+00:00,117819.364,-0.007771351556533634,0.002353909238554855,1.0,10265.645557466576
2025-08-15 14:00:00+00:00,117414.7225,-0.0034344227150979734,0.002353909238554855,1.0,10230.388991178868
2025-08-15 15:00:00+00:00,117329.338,-0.0007272043759248836,0.002353909238554855,1.0,10222.94940753707
2025-08-15 16:00:00+00:00,117464.322,0.0011504709930265644,0.002353909238554855,1.0,10234.710614293619
2025-08-15 17:00:00+00:00,117696.155,0.0019736460914490106,0.002353909238554855,1.0,10254.910310894631
2025-08-15 18:00:00+00:00,117190.009,-0.004300446348480924,0.002353909238554855,1.0,10210.809619294145
2025-08-15 19:00:00+00:00,117024.325,-0.0014138065302137237,0.002353909238554855,1.0,10196.373509975618
2025-08-15 20:00:00+00:00,117330.005,0.002612106500080369,0.002353909238554855,1.0,10223.007523498272
2025-08-15 21:00:00+00:00,117384.0515,0.0004606366461843425,0.002353909238554855,1.0,10227.716615397814
2025-08-15 22:00:00+00:00,117793.7155,0.003489945991513199,0.002353909238554855,1.0,10263.410794002055
2025-08-15 23:00:00+00:00,117443.576,-0.0029724803102929576,0.002353909238554855,1.0,10232.903007500436
2025-08-16 00:00:00+00:00,117793.265,0.002977506406991459,0.002353909238554855,1.0,10263.37154176739
2025-08-16 01:00:00+00:00,117929.25,0.0011544378195136318,0.002353909238554855,1.0,10275.219966030927
2025-08-16 02:00:00+00:00,117608.7365,-0.0027178456574599164,0.002353909238554855,1.0,10247.293504066805
2025-08-16 03:00:00+00:00,117541.898,-0.000568312371929891,0.002353909238554855,1.0,10241.469840389647
2025-08-16 04:00:00+00:00,117907.11,0.003107079315666672,0.002353909238554855,1.0,10273.290899492746
2025-08-16 05:00:00+00:00,117681.855,-0.0019104445864206454,0.002353909238554855,1.0,10253.664346509086
2025-08-16 06:00:00+00:00,117520.4,-0.0013719617183124422,0.002353909238554855,1.0,10239.59671155325
2025-08-16 07:00:00+00:00,117718.185,0.0016829844010062267,0.002353909238554855,1.0,10256.829793091389
2025-08-16 08:00:00+00:00,117724.461,5.331376796191556e-05,0.002353909238554855,1.0,10257.376623335002
2025-08-16 09:00:00+00:00,117453.265,-0.0023036503857936097,0.002494561004041981,1.0,10233.747213719425
2025-08-16 10:00:00+00:00,117481.6,0.00024124489004195837,0.002494561004041981,1.0,10236.216052940716
2025-08-16 11:00:00+00:00,117468.745,-0.00010942139024328057,0.002494561004041981,1.0,10235.095991949373
2025-08-16 12:00:00+00:00,117805.3735,0.0028656856766453576,0.002494561004041981,1.0,10264.426559932592
2025-08-16 13:00:00+00:00,117715.786,-0.0007604704041790367,0.002494561004041981,1.0,10256.620767317894
2025-08-16 14:00:00+00:00,117888.93,0.0014708647487602367,0.002494561004041981,1.0,10271.706869245943
2025-08-16 15:00:00+00:00,117774.315,-0.0009722286901746591,0.002494561004041981,1.0,10261.720421130598
2025-08-16 16:00:00+00:00,117863.423,0.0007565996032325994,0.002494561004041981,1.0,10269.48443472971
2025-08-16 17:00:00+00:00,117811.7425,-0.0004384778473640605,0.002494561004041981,1.0,10264.981493301231
2025-08-16 18:00:00+00:00,117812.1855,3.760236378935744e-06,0.002494561004041981,1.0,10265.020092058072
2025-08-16 19:00:00+00:00,117752.502,-0.0005065986998434857,0.002494561004041981,1.0,10259.819846225568
2025-08-16 20:00:00+00:00,117744.006,-7.215133314109057e-05,0.002494561004041981,1.0,10259.079586545875
2025-08-16 21:00:00+00:00,117512.0505,-0.0019699983708724167,0.002494561004041981,1.0,10238.86921647373
2025-08-16 22:00:00+00:00,117561.6275,0.00042188864707126683,0.002494561004041981,1.0,10243.188879155006
2025-08-16 23:00:00+00:00,117463.378,-0.0008357276271970804,0.002494561004041981,1.0,10234.628363218098
2025-08-17 00:00:00+00:00,117424.24,-0.00033319321022751147,0.002494561004041981,1.0,10231.218254538273
2025-08-17 01:00:00+00:00,117525.504,0.0008623773081264385,0.002494561004041981,1.0,10240.041424995476
2025-08-17 02:00:00+00:00,117687.595,0.001379198509967594,0.002494561004041981,1.0,10254.164474870835
2025-08-17 03:00:00+00:00,117765.4225,0.0006613058920950099,0.002494561004041981,1.0,10260.945614256578
2025-08-17 04:00:00+00:00,118135.2655,0.003140505864529075,0.002494561004041981,1.0,10293.170174133764
2025-08-17 05:00:00+00:00,118113.55,-0.00018381894608765492,0.002494561004041981,1.0,10291.278094440453
2025-08-17 06:00:00+00:00,118044.3155,-0.0005861689873855047,0.002494561004041981,1.0,10285.245666380932
2025-08-17 07:00:00+00:00,118113.316,0.0005845304766074477,0.002494561004041981,1.0,10291.257705932327
2025-08-17 08:00:00+00:00,118478.15,0.0030888473235310965,0.002494561004041981,1.0,10323.045829753064
2025-08-17 09:00:00+00:00,118405.5065,-0.0006131383719275574,0.0020274015275395765,1.0,10316.716374239675
2025-08-17 10:00:00+00:00,118445.93,0.00034139881830563823,0.0020274015275395765,1.0,10320.238489018635
2025-08-17 11:00:00+00:00,118381.8615,-0.000540909257076172,0.0020274015275395765,1.0,10314.65617648469
2025-08-17 12:00:00+00:00,118202.126,-0.0015182689114919823,0.0020274015275395765,1.0,10298.995754679205
2025-08-17 13:00:00+00:00,118474.75,0.002306422136603592,0.0020274015275395765,1.0,10322.749586472582
2025-08-17 14:00:00+00:00,118240.59,-0.001976454898617641,0.0020274015275395765,1.0,10302.347137485196
2025-08-17 15:00:00+00:00,118325.497,0.0007180867416172187,0.0020274015275395765,1.0,10309.745116372162
2025-08-17 16:00:00+00:00,117910.221,-0.003509607062964659,0.0020274015275395765,1.0,10273.561962094376
2025-08-17 17:00:00+00:00,117994.725,0.00071668087196608,0.0020274015275395765,1.0,10280.924827439567
2025-08-17 18:00:00+00:00,117614.215,-0.0032248051766721186,0.0020274015275395765,1.0,10247.770847835063
2025-08-17 19:00:00+00:00,117673.395,0.000503170471358505,0.0020274015275395765,1.0,10252.927223522942
2025-08-17 20:00:00+00:00,117711.55,0.0003242449153437743,0.0020274015275395765,1.0,10256.25168304256
2025-08-17 21:00:00+00:00,117817.9135,0.0009035944221276182,0.0020274015275395765,1.0,10265.519174855293
2025-08-17 22:00:00+00:00,118034.3,0.0018366179944275807,0.0020274015275395765,1.0,10284.373012093974
2025-08-17 23:00:00+00:00,117486.1685,-0.00464383234364929,0.0020274015275395765,1.0,10236.614108066258
2025-08-18 00:00:00+00:00,117364.72,-0.00103372594025819,0.0020274015275395765,1.0,10226.032254522337
2025-08-18 01:00:00+00:00,116422.0,-0.008032396788404617,0.0020274015275395765,1.0,10143.89270588299
2025-08-18 02:00:00+00:00,115549.175,-0.007497079589768196,0.0020274015275395765,1.0,10067.843134916917
2025-08-18 03:00:00+00:00,115371.8735,-0.001534424629167641,0.0020274015275395765,1.0,10052.394788448104
2025-08-18 04:00:00+00:00,115553.497,0.0015742441765929094,0.0020274015275395765,1.0,10068.21971240463
2025-08-18 05:00:00+00:00,115766.7875,0.0018458160552250469,0.0020274015275395765,1.0,10086.80379399732
2025-08-18 06:00:00+00:00,115315.728,-0.003896277246183466,0.0020274015275395765,1.0,10047.502809888052
2025-08-18 07:00:00+00:00,115297.004,-0.00016237160641263682,0.0020274015275395765,1.0,10045.871380716375
2025-08-18 08:00:00+00:00,115214.815,-0.0007128459296306122,0.0020274015275395765,1.0,10038.710222193038
2025-08-18 09:00:00+00:00,115094.4375,-0.001044809211384834,0.0031646493327700444,1.0,10028.221685282468
2025-08-18 10:00:00+00:00,115135.9015,0.00036026067723748945,0.0031646493327700444,1.0,10031.834459218295
2025-08-18 11:00:00+00:00,115013.605,-0.0010621925776992391,0.0031646493327700444,1.0,10021.178719115005
2025-08-18 12:00:00+00:00,115592.46,0.005032926322064313,0.0031646493327700444,1.0,10071.614573268549
2025-08-18 13:00:00+00:00,114897.115,-0.006015487515362183,0.0031646493327700444,1.0,10011.028901543512
2025-08-18 14:00:00+00:00,115686.8,0.006872975008989535,0.0031646493327700444,1.0,10079.834452998093
2025-08-18 15:00:00+00:00,116194.26,0.004386498718954801,0.0031646493327700444,1.0,10124.049633913446
2025-08-18 16:00:00+00:00,116076.785,-0.001011022403344164,0.0031646493327700444,1.0,10113.813992920992
2025-08-18 17:00:00+00:00,116527.215,0.0038804486185588516,0.0031646493327700444,1.0,10153.060128458183
2025-08-18 18:00:00+00:00,116565.351,0.0003272711872501777,0.0031646493327700444,1.0,10156.382932500646
