time,side,prev_pos,new_pos,price,turnover,cost,equity
2024-09-06 02:00:00+00:00,buy,0.0,0.9302924683714269,56717.395,0.9302924683714269,0.0013954387025571404,10016.356572644247
2024-09-07 02:00:00+00:00,sell,0.9302924683714269,0.6885402848368072,53780.0485,0.2417521835346197,0.00036262827530192957,9529.967518923968
2024-09-08 02:00:00+00:00,buy,0.6885402848368072,0.8660584720503405,54351.576,0.1775181872135333,0.00026627728082029994,9600.031799845132
2024-09-09 02:00:00+00:00,sell,0.8660584720503405,0.770441406435377,55114.612,0.09561706561496353,0.00014342559842244528,9715.360116288475
2024-09-10 02:00:00+00:00,buy,0.770441406435377,0.7966143042726227,56774.57,0.026172897837245745,3.925934675586862e-05,9939.926429339022
2024-09-11 02:00:00+00:00,buy,0.7966143042726227,0.9301117170320725,56955.235,0.13349741275944982,0.00020024611913917474,9968.649733731432
2024-09-12 02:00:00+00:00,sell,0.9301117170320725,0.8599004807657791,57970.641,0.07021123626629344,0.00010531685439944016,10135.238704533036
2024-09-13 02:00:00+00:00,buy,0.8599004807657791,0.8806618997586039,58051.705,0.0207614189928248,3.1142128489237195e-05,10147.000106631895
2024-09-14 02:00:00+00:00,buy,0.8806618997586039,0.9312711624494373,60324.283,0.050609262690833434,7.591389403625016e-05,10494.571478093012
2024-09-15 02:00:00+00:00,buy,0.9312711624494373,0.9895935136813253,60264.81,0.058322351231888,8.7483526847832e-05,10483.904360653343
2024-09-16 02:00:00+00:00,sell,0.9895935136813253,0.8669688551470022,58256.8485,0.12262465853432314,0.0001839369878014847,10144.282857301778
2024-09-17 02:00:00+00:00,buy,0.8669688551470022,0.8880253665812852,58107.363,0.021056511434283,3.15847671514245e-05,10122.566643745065
2024-09-18 02:00:00+00:00,buy,0.8880253665812852,0.9084424921664059,60357.8285,0.020417125585120766,3.062568837768115e-05,10471.012049203266
2024-09-19 02:00:00+00:00,sell,0.9084424921664059,0.4386240442119809,62209.3015,0.469818447954425,0.0007047276719316375,10739.832656561895
2024-09-20 02:00:00+00:00,buy,0.4386240442119809,0.9881725516339963,63113.8155,0.5495485074220154,0.0008243227611330232,10807.81702253089
2024-09-21 02:00:00+00:00,sell,0.9881725516339963,0.9211156664475914,62918.825,0.06705688518640496,0.00010058532777960744,10773.263501239237
2024-09-22 02:00:00+00:00,buy,0.9211156664475914,1.0,62971.682,0.07888433355240865,0.00011832650032861298,10779.045673225395
2024-09-23 02:00:00+00:00,sell,1.0,0.5527044239044921,63930.024,0.44729557609550785,0.0006709433641432618,10928.874411414668
2024-09-24 02:00:00+00:00,buy,0.5527044239044921,1.0,63098.485,0.44729557609550785,0.0006709433641432618,10856.148572880229
2024-09-25 02:00:00+00:00,sell,1.0,0.7896459515803207,64434.06,0.2103540484196793,0.00031553107262951896,11081.645059633769
2024-09-26 02:00:00+00:00,buy,0.7896459515803207,1.0,63319.66,0.2103540484196793,0.00031553107262951896,10933.434476597693
2024-10-02 02:00:00+00:00,sell,1.0,0.7969773759534977,61778.045,0.2030226240465023,0.00030453393606975345,10653.465371025843
2024-10-03 02:00:00+00:00,buy,0.7969773759534977,0.8736842920591231,61191.5735,0.07670691610562541,0.00011506037415843812,10574.794872648961
2024-10-04 02:00:00+00:00,buy,0.8736842920591231,1.0,61051.735,0.12631570794087688,0.0001894735619113153,10548.336751264244
2024-10-07 02:00:00+00:00,sell,1.0,0.9200093733413991,63616.09,0.0799906266586009,0.00011998593998790136,10992.569656358673
2024-10-08 02:00:00+00:00,sell,0.9200093733413991,0.6435692977782262,62750.933,0.27644007556317285,0.00041466011334475927,10845.227329750389
2024-10-09 02:00:00+00:00,buy,0.6435692977782262,1.0,62232.65,0.35643070222177375,0.0005346460533326606,10773.531623868475
2024-10-10 02:00:00+00:00,sell,1.0,0.8736314321925546,60820.515,0.12636856780744543,0.00018955285171116815,10525.53886286918
2024-10-11 02:00:00+00:00,buy,0.8736314321925546,0.9600340178703598,60523.7075,0.08640258567780523,0.00012960387851670784,10479.059549734222
2024-10-12 02:00:00+00:00,buy,0.9600340178703598,0.9743510843016042,62531.268,0.014317066431244418,2.147559964686663e-05,10811.934850580108
2024-10-13 02:00:00+00:00,buy,0.9743510843016042,1.0,62861.16,0.02564891569839578,3.847337354759367e-05,10867.1028466293
2024-10-15 02:00:00+00:00,sell,1.0,0.8187153401226749,65731.238,0.18128465987732512,0.00027192698981598766,11363.674464025056
2024-10-16 02:00:00+00:00,buy,0.8187153401226749,0.8360939969837196,67284.033,0.017378656861044672,2.606798529156701e-05,11584.530945580329
2024-10-17 02:00:00+00:00,buy,0.8360939969837196,1.0,67450.569,0.16390600301628044,0.0002458590045244207,11593.135141346384
2024-10-19 02:00:00+00:00,sell,1.0,0.97496649658097,68458.695,0.02503350341902999,3.7550255128544984e-05,11765.465139639886
2024-10-20 02:00:00+00:00,buy,0.97496649658097,1.0,68172.5635,0.02503350341902999,3.7550255128544984e-05,11717.192754684364
2024-10-22 02:00:00+00:00,sell,1.0,0.9161113920509586,67281.45,0.0838886079490414,0.00012583291192356212,11565.202501601383
2024-10-23 02:00:00+00:00,buy,0.9161113920509586,0.9537950810410376,67042.155,0.03768368899007901,5.652553348511852e-05,11525.301907739662
2024-10-24 02:00:00+00:00,buy,0.9537950810410376,1.0,67388.275,0.04620491895896239,6.930737843844359e-05,11582.81038249426
2024-10-26 02:00:00+00:00,sell,1.0,0.8150594217915424,66750.5915,0.18494057820845755,0.0002774108673126863,11465.846795663783
2024-10-27 02:00:00+00:00,buy,0.8150594217915424,1.0,66967.083,0.18494057820845755,0.0002774108673126863,11491.570509917476
2024-10-30 02:00:00+00:00,sell,1.0,0.9949217707345523,72325.52,0.0050782292654476535,7.617343898171481e-06,12411.042318547416
2024-10-31 02:00:00+00:00,sell,0.9949217707345523,0.9142697729518773,72539.675,0.08065199778267507,0.0001209779966740126,12443.959320587875
2024-11-01 02:00:00+00:00,buy,0.9142697729518773,1.0,69505.38,0.08573022704812272,0.00012859534057218407,11969.132205333939
2024-11-05 02:00:00+00:00,sell,1.0,0.7810699435300644,67834.7795,0.21893005646993557,0.00032839508470490335,11681.582647917832
2024-11-06 02:00:00+00:00,buy,0.7810699435300644,0.8653332756353186,73098.787,0.08426333210525416,0.00012639499815788124,12412.590241820699
2024-11-07 02:00:00+00:00,buy,0.8653332756353186,1.0,75348.3835,0.1346667243646814,0.00020200008654702213,12737.792156315669
2024-11-11 02:00:00+00:00,sell,1.0,0.6896002660790506,81496.825,0.31039973392094944,0.0004655996008814242,13759.202455388644
2024-11-12 02:00:00+00:00,buy,0.6896002660790506,0.6962666388419917,87838.54,0.006666372762941131,9.999559144411697e-06,14489.755928965555
2024-11-13 02:00:00+00:00,sell,0.6962666388419917,0.5113659923366861,87967.8,0.18490064650530558,0.0002773509697579584,14514.707216701609
2024-11-14 02:00:00+00:00,sell,0.5113659923366861,0.40226051147203146,90202.33,0.10910548086465466,0.000163658221296982,14709.441291476558
2024-11-15 02:00:00+00:00,buy,0.40226051147203146,0.5520857091364917,88409.91,0.14982519766446023,0.00022473779649669035,14598.355196995659
2024-11-16 02:00:00+00:00,buy,0.5520857091364917,0.6885116922864443,91472.021,0.13642598314995258,0.00020463897472492888,14878.596405594799
2024-11-17 02:00:00+00:00,buy,0.6885116922864443,0.9128153172069955,90076.2075,0.22430362492055123,0.00033645543738082686,14708.067928938237
2024-11-18 02:00:00+00:00,sell,0.9128153172069955,0.9033715028983923,90533.525,0.009443814308603193,1.4165721462904791e-05,14776.48829152098
2024-11-19 02:00:00+00:00,sell,0.9033715028983923,0.5999270010304083,91258.973,0.303444501867984,0.000455166752801976,14853.34906992643
2024-11-20 02:00:00+00:00,buy,0.5999270010304083,0.8214002487152879,91912.275,0.22147324768487964,0.0003322098715273195,14905.779465460188
2024-11-21 02:00:00+00:00,buy,0.8214002487152879,1.0,94496.4,0.17859975128471206,0.0002678996269270681,15236.584675248854
2024-11-23 02:00:00+00:00,sell,1.0,0.926831838626486,98626.0105,0.073168161373514,0.00010975224206027101,15901.968907989056
2024-11-24 02:00:00+00:00,buy,0.926831838626486,1.0,98522.3065,0.073168161373514,0.00010975224206027101,15887.305911674863
2024-11-25 02:00:00+00:00,sell,1.0,0.7239831062585149,97488.3795,0.2760168937414851,0.00041402534061222765,15708.363484698932
2024-11-26 02:00:00+00:00,sell,0.7239831062585149,0.47192023690071117,94625.8225,0.25206286935780375,0.00037809430403670563,15378.3075112314
2024-11-27 02:00:00+00:00,buy,0.47192023690071117,0.7117765236306449,92933.5335,0.23985628672993375,0.00035978443009490065,15251.452154140818
2024-11-28 02:00:00+00:00,buy,0.7117765236306449,1.0,95792.004,0.2882234763693551,0.00043233521455403264,15550.50712443288
2024-12-03 02:00:00+00:00,sell,1.0,0.7858056767788618,96020.92,0.21419432322113818,0.0003212914848317073,15566.535935383403
2024-12-04 02:00:00+00:00,buy,0.7858056767788618,0.9874989034933316,95881.342,0.20169322671446976,0.00030253984007170463,15531.558398641535
2024-12-05 02:00:00+00:00,sell,0.9874989034933316,0.5520808498770918,101311.94,0.43541805361623975,0.0006531270804243596,16177.793796715516
2024-12-06 02:00:00+00:00,sell,0.5520808498770918,0.4185385654627379,97652.81,0.13354228441435395,0.00020031342662153094,15866.10376939731
2024-12-07 02:00:00+00:00,buy,0.4185385654627379,0.6548237827041221,100134.6,0.23628521724138424,0.00035442782586207636,16028.265406095468
2024-12-08 02:00:00+00:00,buy,0.6548237827041221,1.0,100207.185,0.3451762172958779,0.0005177643259438168,16044.193940226969
2024-12-09 02:00:00+00:00,sell,1.0,0.7833397485962038,99259.1495,0.2166602514037962,0.00032499037710569426,15899.410610348754
2024-12-10 02:00:00+00:00,sell,0.7833397485962038,0.7087923006935519,96776.3205,0.07454744790265189,0.00011182117185397784,15602.379237972458
2024-12-11 02:00:00+00:00,sell,0.7087923006935519,0.6998371600764903,97278.75,0.008955140617061597,1.3432710925592395e-05,15659.821300048858
2024-12-12 02:00:00+00:00,buy,0.6998371600764903,0.9564189179394502,101868.57,0.2565817578629599,0.00038487263679443985,16219.294810643312
2024-12-13 02:00:00+00:00,sell,0.9564189179394502,0.7422997397928093,99520.925,0.21411917814664094,0.0003211787672199614,15852.097138053563
2024-12-14 02:00:00+00:00,buy,0.7422997397928093,1.0,102089.497,0.2577002602071907,0.00038655039031078607,16146.56111837284
2024-12-16 02:00:00+00:00,sell,1.0,0.6702163179597713,104542.28,0.3297836820402287,0.0004946755230603431,16574.540692131774
2024-12-17 02:00:00+00:00,buy,0.6702163179597713,0.8972183291119257,106294.45,0.22700201115215435,0.0003405030167282315,16750.454439508365
2024-12-18 02:00:00+00:00,sell,0.8972183291119257,0.8840638535798232,105349.145,0.013154475532102472,1.973171329815371e-05,16617.09415858263
2024-12-19 02:00:00+00:00,sell,0.8840638535798232,0.48146672377996963,100455.8085,0.40259712979985357,0.0006038956946997804,15876.456145489472
2024-12-20 02:00:00+00:00,sell,0.48146672377996963,0.47415995594295396,97535.825,0.007306767837015671,1.0960151755523507e-05,15654.001594627669
2024-12-21 02:00:00+00:00,buy,0.47415995594295396,0.7012789373762324,97397.95,0.2271189814332784,0.0003406784721499176,15642.412858346028
2024-12-22 02:00:00+00:00,buy,0.7012789373762324,1.0,96690.865,0.29872106262376763,0.00044808159393565144,15538.859138377431
2024-12-23 02:00:00+00:00,sell,1.0,0.7599517373659446,94673.5,0.24004826263405543,0.00036007239395108314,15198.112001533687
2024-12-24 02:00:00+00:00,sell,0.7599517373659446,0.5883387165192009,93811.765,0.17161302084674368,0.0002574195312701155,15095.51536239434
2024-12-25 02:00:00+00:00,buy,0.5883387165192009,0.6998185715462837,98088.845,0.1114798550270828,0.0001672197825406242,15499.336435488669
2024-12-26 02:00:00+00:00,buy,0.6998185715462837,0.8373005017403714,98646.9,0.13748193019408772,0.0002062228952911316,15550.831493451804
2024-12-27 02:00:00+00:00,buy,0.8373005017403714,1.0,95949.69,0.1626994982596286,0.0002440492473894429,15194.688879089725
2024-12-30 02:00:00+00:00,sell,1.0,0.9194301608052206,93738.4595,0.08056983919477945,0.00012085475879216917,14842.864709884485
2024-12-31 02:00:00+00:00,sell,0.9194301608052206,0.4372192157038004,92288.47,0.48221094510142015,0.0007233164176521302,14619.047781700478
2025-01-01 02:00:00+00:00,buy,0.4372192157038004,0.9549835858161657,93858.056,0.5177643701123653,0.0007766465551685479,14753.855826984485
2025-01-02 02:00:00+00:00,buy,0.9549835858161657,1.0,95067.68,0.045016414183834286,6.752462127575142e-05,14937.061809065119
2025-01-07 02:00:00+00:00,sell,1.0,0.9175873628382432,101729.161,0.08241263716175684,0.00012361895574263527,15984.95401400225
2025-01-08 02:00:00+00:00,sell,0.9175873628382432,0.8518738390861478,96885.38,0.06571352375209538,9.857028562814307e-05,15283.720613614472
2025-01-09 02:00:00+00:00,sell,0.8518738390861478,0.7957564765384921,94781.6,0.05611736254765565,8.417604382148347e-05,15001.405500046892
2025-01-10 02:00:00+00:00,sell,0.7957564765384921,0.7246474364512407,93416.4,0.07110904008725139,0.00010666356013087708,14825.606248246755
2025-01-11 02:00:00+00:00,buy,0.7246474364512407,0.7393545619425753,94445.629,0.014707125491334572,2.206068823700186e-05,14945.020538942917
2025-01-12 02:00:00+00:00,buy,0.7393545619425753,1.0,94613.745,0.2606454380574247,0.000390968157086137,14960.938081166296
2025-01-13 02:00:00+00:00,sell,1.0,0.8722392385106013,94144.011,0.12776076148939874,0.00019164114223409813,14885.297286815288
2025-01-14 02:00:00+00:00,sell,0.8722392385106013,0.7313818799642927,94901.925,0.14085735854630854,0.00021128603781946282,14984.487031018183
2025-01-15 02:00:00+00:00,buy,0.7313818799642927,1.0,96821.625,0.2686181200357073,0.00040292718005356095,15178.088158683751
2025-01-16 02:00:00+00:00,sell,1.0,0.7765297974723143,99623.275,0.22347020252768568,0.00033520530379152854,15629.695605979885
2025-01-17 02:00:00+00:00,buy,0.7765297974723143,0.9436893944124355,101085.4,0.16715959694012117,0.00025073939541018174,15789.5914215083
2025-01-18 02:00:00+00:00,sell,0.9436893944124355,0.7821455637003645,104381.5,0.161543830712071,0.00024231574606810652,16270.07293419605
2025-01-19 02:00:00+00:00,buy,0.7821455637003645,0.9689942011517528,104794.15,0.18684863745138836,0.00028027295617708253,16327.611528478641
2025-01-20 02:00:00+00:00,sell,0.9689942011517528,0.328582385389925,101871.0,0.6404118157618278,0.0009606177236427417,15742.177132539615
2025-01-21 02:00:00+00:00,buy,0.328582385389925,0.3919263993318128,102411.3795,0.06334401394188777,9.501602091283165e-05,15788.148980208489
2025-01-22 02:00:00+00:00,buy,0.3919263993318128,0.6966014950110465,105600.55,0.30467509567923373,0.0004570126435188506,15964.08997123878
2025-01-23 02:00:00+00:00,buy,0.6966014950110465,0.988646362811408,102632.712,0.29204486780036154,0.0004380673017005423,15632.899997701374
2025-01-24 02:00:00+00:00,sell,0.988646362811408,0.6398855997996071,103028.8,0.3487607630118009,0.0005231411445177014,15693.47240141608
2025-01-25 02:00:00+00:00,buy,0.6398855997996071,0.9106520184665007,104534.3815,0.27076641866689355,0.00040614962800034033,15826.23461048007
2025-01-26 02:00:00+00:00,buy,0.9106520184665007,1.0,104666.4565,0.08934798153349932,0.00013402197230024898,15843.00309939787
2025-01-27 02:00:00+00:00,sell,1.0,0.4978366408570974,100900.1,0.5021633591429027,0.000753245038714354,15287.966405924952
2025-01-28 02:00:00+00:00,buy,0.4978366408570974,0.6087160304677995,102376.3845,0.11087938961070215,0.00016631908441605323,15416.549363438986
2025-01-29 02:00:00+00:00,buy,0.6087160304677995,0.6355362117577015,101762.304,0.026820181289901934,4.0230271934852904e-05,15360.130531499244
2025-01-30 02:00:00+00:00,buy,0.6355362117577015,0.9257418700196682,104673.903,0.29020565826196676,0.00043530848739295014,15650.356565144251
2025-01-31 02:00:00+00:00,buy,0.9257418700196682,0.9716091883163013,104350.293,0.04586731829663304,6.880097744494957e-05,15602.068874889135
2025-02-01 02:00:00+00:00,sell,0.9716091883163013,0.7340792282896732,102490.99,0.23752996002662807,0.0003562949400399421,15328.484328513576
2025-02-02 02:00:00+00:00,buy,0.7340792282896732,1.0,100498.4,0.2659207717103268,0.0003988811575654902,15074.098016567086
2025-02-03 02:00:00+00:00,sell,1.0,0.6030106098543161,93573.2685,0.3969893901456839,0.0005954840852185259,14012.473992929785
2025-02-04 02:00:00+00:00,sell,0.6030106098543161,0.5540833632838001,100932.321,0.04892724657051595,7.339086985577392e-05,14674.235748170428
2025-02-05 02:00:00+00:00,sell,0.5540833632838001,0.48070561623710434,98012.515,0.07337774704669581,0.00011006662057004372,14436.523138272165
2025-02-06 02:00:00+00:00,buy,0.48070561623710434,0.9592447950791229,97355.7325,0.4785391788420185,0.0007178087682630277,14390.570908952885
2025-02-07 02:00:00+00:00,sell,0.9592447950791229,0.891609393802572,97598.75,0.06763540127655088,0.00010145310191482632,14422.246240890276
2025-02-08 02:00:00+00:00,sell,0.891609393802572,0.6933431942145144,96764.3145,0.19826619958805758,0.0002973992993820864,14302.151143962752
2025-02-09 02:00:00+00:00,buy,0.6933431942145144,1.0,96790.404,0.3066568057854856,0.0004599852086782284,14289.02878878719
2025-02-10 02:00:00+00:00,sell,1.0,0.6711169140092872,95827.037,0.3288830859907128,0.0004933246289860692,14127.835108957652
2025-02-11 02:00:00+00:00,buy,0.6711169140092872,1.0,97800.1445,0.3288830859907128,0.0004933246289860692,14305.160820298644
2025-02-12 02:00:00+00:00,sell,1.0,0.7039856030835078,95562.7395,0.29601439691649223,0.00044402159537473834,13998.898496949783
2025-02-13 02:00:00+00:00,buy,0.7039856030835078,0.9873859790000518,97505.01,0.283400375916544,0.000425100563874816,14172.943040891005
2025-02-14 02:00:00+00:00,buy,0.9873859790000518,1.0,96593.757,0.012614020999948239,1.8921031499922358e-05,14041.992498775086
2025-02-15 02:00:00+00:00,sell,1.0,0.8721109652705764,97861.113,0.1278890347294236,0.0001918335520941354,14223.251263986233
2025-02-16 02:00:00+00:00,buy,0.8721109652705764,1.0,97570.5015,0.1278890347294236,0.0001918335520941354,14181.289444438855
2025-02-17 02:00:00+00:00,sell,1.0,0.8531746812970837,96245.06,0.14682531870291626,0.0002202379780543744,13991.541384106527
2025-02-18 02:00:00+00:00,buy,0.8531746812970837,0.9886493772569639,96119.0395,0.13547469595988015,0.00020321204393982024,13970.352573047558
2025-02-19 02:00:00+00:00,sell,0.9886493772569639,0.845091521968391,95798.1465,0.1435578552885729,0.00021533678293285936,13913.41508450568
2025-02-20 02:00:00+00:00,buy,0.845091521968391,1.0,97142.3565,0.154908478031609,0.0002323627170474135,14084.073507711813
2025-02-22 02:00:00+00:00,sell,1.0,0.7116802218000986,96350.6915,0.2883197781999014,0.0004324796672998521,13958.132613535625
2025-02-23 02:00:00+00:00,buy,0.7116802218000986,1.0,96444.75,0.2883197781999014,0.0004324796672998521,13960.974865483622
2025-02-25 02:00:00+00:00,sell,1.0,0.48718182702582086,92355.1,0.5128181729741792,0.0007692272594612688,13334.862322443818
2025-02-26 02:00:00+00:00,buy,0.48718182702582086,0.9016568270284617,88903.5,0.41447500000264087,0.0006217125000039614,13101.15572058198
2025-02-27 02:00:00+00:00,sell,0.9016568270284617,0.7023663605758904,84181.1,0.1992904664525713,0.00029893569967885696,12481.939263758255
2025-02-28 02:00:00+00:00,buy,0.7023663605758904,0.7077979123972876,80754.76,0.005431551821397207,8.14732773209581e-06,12124.720186099994
2025-03-01 02:00:00+00:00,buy,0.7077979123972876,0.8705680696975051,85200.85,0.1627701573002175,0.00024415523595032625,12607.115904024035
2025-03-02 02:00:00+00:00,buy,0.8705680696975051,1.0,85770.407,0.1294319303024949,0.00019414789545374233,12668.022584739516
2025-03-03 02:00:00+00:00,sell,1.0,0.43170004852256577,93308.1715,0.5682999514774343,0.0008524499272161514,13751.059413991725
2025-03-04 02:00:00+00:00,sell,0.43170004852256577,0.38635014300709547,83864.731,0.0453499055154703,6.802485827320545e-05,13136.728187133165
2025-03-05 02:00:00+00:00,buy,0.38635014300709547,0.4782577233990565,87492.38,0.09190758039196101,0.00013786137058794152,13352.320019326684
2025-03-06 02:00:00+00:00,buy,0.4782577233990565,0.9805381948245969,91767.4165,0.5022804714255404,0.0007534207071383107,13704.800241185983
2025-03-07 02:00:00+00:00,sell,0.9805381948245969,0.6685966108503204,87258.5315,0.3119415839742765,0.0004679123759614148,13087.142510272994
2025-03-08 02:00:00+00:00,sell,0.6685966108503204,0.6133526434383855,86161.24,0.055243967411934936,8.28659511179024e-05,12977.239245011546
2025-03-09 02:00:00+00:00,buy,0.6133526434383855,1.0,86014.92,0.38664735656161453,0.0005799710348424218,12946.949838831368
2025-03-10 02:00:00+00:00,sell,1.0,0.43021434436770994,82189.96,0.56978565563229,0.000854678483448435,12321.05405906618
2025-03-11 02:00:00+00:00,buy,0.43021434436770994,0.48237708212823427,79354.36,0.052162737760524325,7.824410664078648e-05,12141.881397071376
2025-03-12 02:00:00+00:00,buy,0.48237708212823427,0.6334545429035084,82408.3445,0.15107746077527417,0.00022661619116291128,12344.63954081427
2025-03-13 02:00:00+00:00,buy,0.6334545429035084,0.7855667687105898,83760.0525,0.1521122258070814,0.0002281683387106221,12467.855504094747
2025-03-14 02:00:00+00:00,sell,0.7855667687105898,0.6906161737275567,82207.269,0.09495059498303315,0.00014242589247454973,12275.841484208011
2025-03-15 02:00:00+00:00,buy,0.6906161737275567,0.8753193649870168,84568.055,0.1847031912594601,0.0002770547868891902,12520.772310511593
2025-03-16 02:00:00+00:00,buy,0.8753193649870168,1.0,83985.1195,0.12468063501298321,0.00018702095251947482,12444.001871597346
2025-03-17 02:00:00+00:00,sell,1.0,0.6947553896066861,83243.43,0.30524461039331385,0.0004578669155899708,12328.000406671044
2025-03-18 02:00:00+00:00,buy,0.6947553896066861,0.9820280296794868,83357.4545,0.2872726400728006,0.00043090896010920094,12342.119530570139
2025-03-19 02:00:00+00:00,sell,0.9820280296794868,0.8774970409609462,82872.4,0.10453098871854061,0.00015679648307781092,12266.098163746421
2025-03-20 02:00:00+00:00,sell,0.8774970409609462,0.6239406248104705,86087.284,0.25355641615047564,0.00038033462422571346,12670.042871847958
2025-03-21 02:00:00+00:00,buy,0.6239406248104705,0.9097341208664139,84663.4145,0.2857934960559434,0.0004286902440839151,12531.846322152966
2025-03-22 02:00:00+00:00,buy,0.9097341208664139,1.0,84135.0015,0.09026587913358608,0.00013539881870037912,12460.056375364204
2025-03-24 02:00:00+00:00,sell,1.0,0.7902186304427518,85876.73,0.20978136955724824,0.0003146720543358724,12704.541197908518
2025-03-25 02:00:00+00:00,buy,0.7902186304427518,0.8575750243895887,86866.7695,0.0673563939468369,0.00010103459092025535,12817.09052051464
2025-03-26 02:00:00+00:00,buy,0.8575750243895887,1.0,87371.614,0.14242497561041134,0.00021363746341561703,12867.717177844534
2025-03-27 02:00:00+00:00,sell,1.0,0.9223511633435671,87579.25,0.07764883665643285,0.00011647325498464927,12894.593670388636
2025-03-28 02:00:00+00:00,buy,0.9223511633435671,1.0,86964.7065,0.07764883665643285,0.00011647325498464927,12806.75583074516
2025-04-01 02:00:00+00:00,sell,1.0,0.850227845252997,83052.465,0.149772154747003,0.00022465823212050452,12220.15157413744
2025-04-02 02:00:00+00:00,buy,0.850227845252997,1.0,84742.795,0.149772154747003,0.00022465823212050452,12419.247548524967
2025-04-03 02:00:00+00:00,sell,1.0,0.36897044288779396,83762.15,0.631029557112206,0.000946544335668309,12262.855923838335
2025-04-04 02:00:00+00:00,buy,0.36897044288779396,0.8568260624138594,82852.6705,0.48785561952606543,0.0007317834292890981,12217.8207154207
2025-04-05 02:00:00+00:00,buy,0.8568260624138594,0.9129810331199619,83913.141,0.056154970706102536,8.423245605915381e-05,12351.485392278948
2025-04-06 02:00:00+00:00,buy,0.9129810331199619,0.955981170330186,83265.0455,0.04300013721022411,6.450020581533616e-05,12262.653970305519
2025-04-07 02:00:00+00:00,sell,0.955981170330186,0.5003276875185104,78402.58,0.4556534828116756,0.0006834802242175135,11616.477884257261
2025-04-08 02:00:00+00:00,sell,0.5003276875185104,0.48443383426588804,79905.1,0.01589385325262238,2.3840779878933573e-05,11733.427374610385
2025-04-09 02:00:00+00:00,buy,0.48443383426588804,0.7742589771746952,75604.525,0.2898251429088071,0.0004347377143632107,11400.162503542437
2025-04-10 02:00:00+00:00,sell,0.7742589771746952,0.4201113617817326,82198.949,0.3541476153929626,0.0005312214230894439,12160.729776719283
2025-04-11 02:00:00+00:00,buy,0.4201113617817326,0.8001426965389618,80258.175,0.38003133475722917,0.0005700470021358438,12029.525069134856
2025-04-12 02:00:00+00:00,buy,0.8001426965389618,0.8965433213526962,82825.5095,0.09640062481373446,0.00014460093722060168,12330.402374013684
2025-04-13 02:00:00+00:00,buy,0.8965433213526962,1.0,85305.5615,0.10345667864730379,0.00015518501797095568,12659.741186046107
2025-04-14 02:00:00+00:00,sell,1.0,0.8102364885681791,85076.6,0.1897635114318209,0.0002846452671477314,12596.931083633695
2025-04-15 02:00:00+00:00,buy,0.8102364885681791,0.9573535232825484,85215.9925,0.14711703471436932,0.00022067555207155398,12617.529444792643
2025-04-16 02:00:00+00:00,buy,0.9573535232825484,1.0,83904.515,0.04264647671745159,6.396971507617739e-05,12432.627361879411
2025-04-17 02:00:00+00:00,sell,1.0,0.7327784283174172,84284.53,0.26722157168258276,0.00040083235752387417,12485.92746176342
2025-04-18 02:00:00+00:00,buy,0.7327784283174172,1.0,84904.514,0.26722157168258276,0.00040083235752387417,12546.545920403101
2025-04-22 02:00:00+00:00,sell,1.0,0.9079156560002999,88208.7,0.09208434399970011,0.00013812651599955016,13035.49473128309
2025-04-23 02:00:00+00:00,sell,0.9079156560002999,0.49913917782240325,92896.35,0.40877647817789664,0.000613164717266845,13641.153576747627
2025-04-24 02:00:00+00:00,buy,0.49913917782240325,1.0,93151.225,0.5008608221775968,0.0007512912332663952,13621.51510638957
2025-04-25 02:00:00+00:00,sell,1.0,0.9660024177940878,93039.7725,0.0339975822059122,5.0996373308868306e-05,13607.803176411879
2025-04-26 02:00:00+00:00,sell,0.9660024177940878,0.9570856255658151,95057.5065,0.008916792228272685,1.3375188342409028e-05,13892.735478497865
2025-04-27 02:00:00+00:00,buy,0.9570856255658151,1.0,94374.5375,0.04291437443418489,6.437156165127734e-05,13797.602920256977
2025-04-29 02:00:00+00:00,sell,1.0,0.9764847451152167,94621.2,0.023515254884783343,3.527288232717502e-05,13834.125793587247
2025-04-30 02:00:00+00:00,sell,0.9764847451152167,0.9564608472018671,94665.9025,0.020023897913349575,3.0035846870024363e-05,13839.67629894076
2025-05-01 02:00:00+00:00,buy,0.9564608472018671,1.0,94825.5985,0.04353915279813292,6.530872919719937e-05,13862.155394649746
2025-05-05 02:00:00+00:00,sell,1.0,0.7446379796962058,94213.71,0.2553620203037942,0.00038304303045569126,13757.608372132474
2025-05-06 02:00:00+00:00,buy,0.7446379796962058,0.9630107168966109,94337.1,0.21837273720040506,0.0003275591058006076,13767.583073843356
2025-05-07 02:00:00+00:00,sell,0.9630107168966109,0.5610447272981057,96589.8135,0.40196598959850516,0.0006029489843977577,14112.205033732384
2025-05-08 02:00:00+00:00,buy,0.5610447272981057,1.0,98695.6,0.4389552727018943,0.0006584329090528414,14329.385853492977
2025-05-09 02:00:00+00:00,sell,1.0,0.8032677689304029,102583.046,0.19673223106959714,0.0002950983466043957,14903.638291091112
2025-05-10 02:00:00+00:00,buy,0.8032677689304029,1.0,103171.455,0.19673223106959714,0.0002950983466043957,14972.963525420864
2025-05-11 02:00:00+00:00,sell,1.0,0.6351282323562811,103770.5885,0.36487176764371887,0.0005473076514655783,15070.478920850972
2025-05-12 02:00:00+00:00,buy,0.6351282323562811,1.0,103899.0055,0.36487176764371887,0.0005473076514655783,15068.902808275128
2025-05-13 02:00:00+00:00,sell,1.0,0.9446071052413187,102075.1,0.055392894758681255,8.308934213802188e-05,14805.796165080248
2025-05-14 02:00:00+00:00,buy,0.9446071052413187,1.0,103706.23,0.055392894758681255,8.308934213802188e-05,15027.781371519732
2025-05-16 02:00:00+00:00,sell,1.0,0.946691211209189,104227.069,0.053308788790811024,7.996318318621654e-05,15100.530775527146
2025-05-17 02:00:00+00:00,buy,0.946691211209189,1.0,103316.933,0.053308788790811024,7.996318318621654e-05,14978.039401164899
2025-05-19 02:00:00+00:00,sell,1.0,0.5300902258106145,104664.925,0.4699097741893855,0.0007048646612840783,15193.061383768898
2025-05-20 02:00:00+00:00,buy,0.5300902258106145,1.0,106127.619,0.4699097741893855,0.0007048646612840783,15268.064454815867
2025-05-21 02:00:00+00:00,sell,1.0,0.7361417487988604,106923.9865,0.2638582512011396,0.0003957873768017094,15362.239646593664
2025-05-22 02:00:00+00:00,sell,0.7361417487988604,0.5275290754440789,110478.8755,0.2086126733547815,0.0003129190100321723,15717.739303601586
2025-05-23 02:00:00+00:00,buy,0.5275290754440789,0.9646132119791045,111277.525,0.43708413653502565,0.0006556262048025385,15762.92178051645
2025-05-24 02:00:00+00:00,sell,0.9646132119791045,0.9077693235416157,107851.855,0.05684388843748889,8.526583265623333e-05,15290.682572741378
2025-05-25 02:00:00+00:00,buy,0.9077693235416157,0.9890934252973925,107998.21,0.08132410175577687,0.0001219861526336653,15311.158392023379
2025-05-26 02:00:00+00:00,sell,0.9890934252973925,0.5750332391917908,109429.435,0.4140601861056017,0.0006210902791584026,15512.242221055294
2025-05-27 02:00:00+00:00,buy,0.5750332391917908,1.0,108351.2685,0.42496676080820917,0.0006374501412123138,15410.754458741152
2025-05-30 02:00:00+00:00,sell,1.0,0.9749684681683297,106023.04,0.025031531831670284,3.754729774750543e-05,15077.886110373416
2025-05-31 02:00:00+00:00,sell,0.9749684681683297,0.9107734894402411,103247.395,0.06419497872808866,9.629246809213299e-05,14694.425493519644
2025-06-01 02:00:00+00:00,buy,0.9107734894402411,1.0,104251.7,0.08922651055975894,0.00013383976583963841,14823.280922599348
2025-06-03 02:00:00+00:00,sell,1.0,0.9217732525210626,105731.0385,0.07822674747893743,0.00011734012121840615,15040.300475298043
2025-06-04 02:00:00+00:00,buy,0.9217732525210626,0.9560667895538336,105577.615,0.03429353703277105,5.1440305549156576e-05,15019.099037657339
2025-06-05 02:00:00+00:00,buy,0.9560667895538336,1.0,105100.735,0.04393321044616638,6.589981566924958e-05,14954.96289744426
2025-06-06 02:00:00+00:00,sell,1.0,0.6194162997121831,102192.635,0.38058370028781685,0.0005708755504317252,14514.665952735291
2025-06-07 02:00:00+00:00,buy,0.6194162997121831,1.0,104632.55,0.38058370028781685,0.0005708755504317252,14724.606553280715
2025-06-10 02:00:00+00:00,sell,1.0,0.8349088184330036,109703.2435,0.16509118156699643,0.0002476367723504946,15438.340967217735
2025-06-11 02:00:00+00:00,buy,0.8349088184330036,1.0,109684.425,0.16509118156699643,0.0002476367723504946,15432.572163310144
2025-06-13 02:00:00+00:00,sell,1.0,0.9145326716360637,103716.06,0.08546732836393633,0.00012820099254590451,14592.07848548296
2025-06-14 02:00:00+00:00,buy,0.9145326716360637,1.0,105428.245,0.08546732836393633,0.00012820099254590451,14809.237008158896
2025-06-16 02:00:00+00:00,sell,1.0,0.9923498896593304,105824.672,0.007650110340669647,1.1475165511004471e-05,14864.747423307148
2025-06-17 02:00:00+00:00,sell,0.9923498896593304,0.6948756346944648,107521.811,0.29747425496486557,0.00044621138244729835,15081.142603592405
2025-06-18 02:00:00+00:00,buy,0.6948756346944648,1.0,104932.9125,0.3051243653055352,0.0004576865479583028,14826.200024228698
2025-06-19 02:00:00+00:00,sell,1.0,0.9293158283728767,104772.168,0.07068417162712326,0.00010602625744068489,14800.197802180935
2025-06-20 02:00:00+00:00,buy,0.9293158283728767,1.0,104629.47,0.07068417162712326,0.00010602625744068489,14778.434173059482
2025-06-21 02:00:00+00:00,sell,1.0,0.9797489424693189,103542.5105,0.020251057530681127,3.0376586296021693e-05,14624.402194651591
2025-06-22 02:00:00+00:00,sell,0.9797489424693189,0.7036902547672088,102410.501,0.27605868770211006,0.0004140880315531651,14460.583345232197
2025-06-23 02:00:00+00:00,sell,0.7036902547672088,0.49096083079937514,101356.3,0.21272942396783368,0.0003190941359517505,14346.161932154593
2025-06-24 02:00:00+00:00,buy,0.49096083079937514,0.503444022095344,104860.1,0.012483191295968865,1.87247869439533e-05,14587.871312016363
2025-06-25 02:00:00+00:00,buy,0.503444022095344,1.0,106549.202,0.496555977904656,0.000744833966856984,14703.44024524449
2025-07-10 03:00:00+00:00,sell,1.0,0.6880420601423127,111113.9,0.31195793985768727,0.0004679369097865309,15330.567276024547
2025-07-11 03:00:00+00:00,sell,0.6880420601423127,0.5251016364438131,116917.124,0.1629404236984996,0.0002444106355477494,15871.938551133957
2025-07-12 03:00:00+00:00,buy,0.5251016364438131,1.0,117811.109,0.47489836355618686,0.0007123475453342803,15935.708234045189
2025-07-16 03:00:00+00:00,sell,1.0,0.7707819253554637,117499.655,0.22921807464453625,0.00034382711196680437,15882.424254473732
2025-07-17 03:00:00+00:00,buy,0.7707819253554637,1.0,118149.5595,0.22921807464453625,0.00034382711196680437,15938.887197063632
2025-07-18 03:00:00+00:00,sell,1.0,0.8432705907140551,120313.495,0.15672940928594492,0.0002350941139289174,16223.888648715514
2025-07-19 03:00:00+00:00,buy,0.8432705907140551,1.0,118421.6955,0.15672940928594492,0.0002350941139289174,16007.797530938455
2025-07-23 03:00:00+00:00,sell,1.0,0.993941975192062,118658.79,0.006058024807938045,9.087037211907068e-06,16040.088393702144
2025-07-24 03:00:00+00:00,buy,0.993941975192062,1.0,118575.648,0.006058024807938045,9.087037211907068e-06,16028.41390300901
2025-07-31 03:00:00+00:00,sell,1.0,0.9421245678234688,118444.75,0.05787543217653124,8.681314826479685e-05,16009.364769605072
2025-08-01 03:00:00+00:00,buy,0.9421245678234688,1.0,115658.99,0.05787543217653124,8.681314826479685e-05,15650.451887998583
2025-08-02 03:00:00+00:00,sell,1.0,0.8307226315938762,113892.214,0.16927736840612384,0.00025391605260918575,15402.627648436786
2025-08-03 03:00:00+00:00,buy,0.8307226315938762,1.0,113577.705,0.16927736840612384,0.00025391605260918575,15366.56857161099
2025-08-14 03:00:00+00:00,sell,1.0,0.9424091079851484,123442.424,0.05759089201485157,8.638633802227736e-05,16701.858010583735
2025-08-15 03:00:00+00:00,buy,0.9424091079851484,1.0,119066.775,0.05759089201485157,8.638633802227736e-05,16144.202983540037
